Date,Company,Open,Close,High,Low,Volume
2024-05-31,TCS.BSE,3749.5000,3669.5000,3749.5000,3655.0000,350824
2024-05-30,TCS.BSE,3781.0000,3735.8000,3794.7000,3717.0000,169744
2024-05-29,TCS.BSE,3842.0000,3805.4500,3844.2500,3800.5500,93331
2024-05-28,TCS.BSE,3883.9500,3840.0000,3883.9500,3831.5500,27095
2024-05-27,TCS.BSE,3852.6499,3846.5500,3907.0000,3840.0000,99435
2024-05-24,TCS.BSE,3870.1499,3850.7500,3885.0000,3842.4500,163855
2024-05-23,TCS.BSE,3835.8000,3895.1001,3904.7500,3827.7000,39379
2024-05-22,TCS.BSE,3840.0000,3831.3501,3841.4500,3816.0000,88374
2024-05-21,TCS.BSE,3844.9500,3821.6499,3844.9500,3810.1001,90317
2024-05-18,TCS.BSE,3843.1499,3850.0000,3860.0000,3840.0000,4203
2024-05-17,TCS.BSE,3915.0500,3833.9500,3920.0000,3829.7000,223617
2024-05-16,TCS.BSE,3888.7500,3900.3000,3910.0000,3844.5000,33443
2024-05-15,TCS.BSE,3901.9500,3880.3501,3930.2000,3875.0500,71057
2024-05-14,TCS.BSE,3926.1499,3901.9500,3945.2000,3893.8000,19294
2024-05-13,TCS.BSE,3888.0000,3946.8000,3955.0000,3869.6499,68499
2024-05-10,TCS.BSE,3965.0000,3895.8501,3973.8000,3884.6499,119844
2024-05-09,TCS.BSE,3959.3501,3960.0500,3970.0000,3911.0500,24876
2024-05-08,TCS.BSE,3951.5500,3972.7000,3984.0000,3940.0500,25099
2024-05-07,TCS.BSE,3925.8501,3978.2500,3988.3000,3912.7000,68881
2024-05-06,TCS.BSE,3859.9500,3920.7000,3939.1001,3855.0000,53334
2024-05-03,TCS.BSE,3881.6499,3839.3501,3893.3000,3798.0500,149072
2024-05-02,TCS.BSE,3800.0000,3863.7500,3870.2000,3782.5000,76798
2024-04-30,TCS.BSE,3870.6001,3822.6001,3880.0000,3810.0000,98711
2024-04-29,TCS.BSE,3825.6001,3870.6001,3877.7000,3820.0000,22303
2024-04-26,TCS.BSE,3859.6499,3812.8501,3875.8501,3801.2500,114191
2024-04-25,TCS.BSE,3814.2000,3851.8501,3872.0000,3807.8000,86420
2024-04-24,TCS.BSE,3890.0000,3831.2500,3896.0000,3824.1499,38530
2024-04-23,TCS.BSE,3880.0000,3874.2000,3894.8999,3861.3999,61696
2024-04-22,TCS.BSE,3828.6001,3865.4500,3879.3501,3815.5000,51988
2024-04-19,TCS.BSE,3840.6001,3827.4500,3851.8000,3801.0000,223097
2024-04-18,TCS.BSE,3889.7500,3863.5000,3936.0000,3851.0000,65782
2024-04-16,TCS.BSE,3909.0000,3872.3000,3928.1001,3863.6499,163353
2024-04-15,TCS.BSE,3995.0000,3941.6499,4063.0000,3920.0000,104649
2024-04-12,TCS.BSE,3982.5000,4000.3000,4013.2500,3948.0000,179585
2024-04-10,TCS.BSE,3950.0500,3982.5500,3989.3000,3916.6001,109590
2024-04-09,TCS.BSE,3980.0000,3947.1499,4015.0500,3925.1001,81107
2024-04-08,TCS.BSE,3980.0000,3972.7000,4030.0000,3960.1001,90377
2024-04-05,TCS.BSE,3980.0000,3979.5500,4001.8999,3959.5000,93066
2024-04-04,TCS.BSE,3970.0500,4003.0500,4027.3000,3936.0000,42264
2024-04-03,TCS.BSE,3859.5500,3947.2500,3981.2000,3855.7000,62264
2024-04-02,TCS.BSE,3889.9500,3882.6001,3905.5000,3875.0000,44046
2024-04-01,TCS.BSE,3900.0000,3915.2500,3932.0000,3886.6001,58865
2024-03-28,TCS.BSE,3856.4500,3883.5500,3914.6499,3840.5000,80498
2024-03-27,TCS.BSE,3896.9500,3837.5000,3896.9500,3828.5500,71441
2024-03-26,TCS.BSE,3897.5500,3877.1001,3946.0000,3872.0000,203863
2024-03-22,TCS.BSE,3899.0000,3913.1001,3938.3999,3856.0000,275926
2024-03-21,TCS.BSE,3985.3999,3974.0500,4008.4500,3948.8501,64927
2024-03-20,TCS.BSE,3986.0000,3970.4500,4018.0000,3960.5000,136936
2024-03-19,TCS.BSE,4055.6499,3977.5500,4055.7000,3965.8999,25582190
2024-03-18,TCS.BSE,4217.5000,4144.7500,4254.4502,4116.7002,39490
2024-03-15,TCS.BSE,4202.8501,4217.5000,4238.7998,4177.0000,106409
2024-03-14,TCS.BSE,4143.0498,4207.1499,4213.7002,4086.8000,50198
2024-03-13,TCS.BSE,4200.0498,4148.3999,4241.0498,4132.7998,46250
2024-03-12,TCS.BSE,4117.2998,4191.3501,4229.2998,4117.2998,99915
2024-03-11,TCS.BSE,4080.3501,4121.5000,4153.0498,4080.3501,105726
2024-03-07,TCS.BSE,4060.1001,4110.1001,4124.0000,4039.0000,227716
2024-03-06,TCS.BSE,4016.1499,4065.3000,4071.9500,3959.3501,70501
2024-03-05,TCS.BSE,4060.0000,4011.3501,4062.0000,3980.5000,120472
2024-03-04,TCS.BSE,4095.4500,4081.6001,4114.1001,4075.4500,108134
2024-03-01,TCS.BSE,4095.3999,4096.2998,4139.8999,4087.8501,120954
2024-02-29,TCS.BSE,4100.0000,4092.1499,4138.0000,4068.8000,30529
2024-02-28,TCS.BSE,4103.0000,4116.3999,4154.2500,4091.3000,33404
2024-02-27,TCS.BSE,3999.8000,4102.7998,4124.6499,3997.0500,334830
2024-02-26,TCS.BSE,4039.0000,4000.3999,4050.8501,3983.3000,19901
2024-02-23,TCS.BSE,4121.0498,4051.9500,4128.9502,4045.5000,171593
2024-02-22,TCS.BSE,3968.3501,4086.4500,4093.8000,3968.3501,31762
2024-02-21,TCS.BSE,4018.8501,3989.3000,4063.0000,3980.0000,24380
2024-02-20,TCS.BSE,4089.8999,4029.9500,4098.8501,4011.1001,30284
2024-02-19,TCS.BSE,4119.1499,4101.6001,4121.6499,4055.1001,56840
2024-02-16,TCS.BSE,4112.0498,4129.2002,4147.0000,4100.8999,132816
2024-02-15,TCS.BSE,4122.2998,4102.0000,4145.0000,4081.7000,39303
2024-02-14,TCS.BSE,4102.0498,4101.0000,4114.5000,4049.5500,15211
2024-02-13,TCS.BSE,4120.0498,4149.1499,4169.3501,4082.3999,21924
2024-02-12,TCS.BSE,4130.8999,4119.0498,4159.3501,4106.1001,57361
2024-02-09,TCS.BSE,4130.0000,4134.2500,4184.5498,4098.3999,202275
2024-02-08,TCS.BSE,4090.0000,4135.5498,4157.6001,4085.7500,39399
2024-02-07,TCS.BSE,4140.1499,4083.2000,4156.0498,4072.8501,271054
2024-02-06,TCS.BSE,4000.0000,4133.4502,4149.7500,3987.1001,107328
2024-02-05,TCS.BSE,3973.6001,3972.7500,4020.0000,3960.4500,126912
2024-02-02,TCS.BSE,3860.0000,3966.3501,3982.0500,3860.0000,178429
2024-02-01,TCS.BSE,3816.2000,3851.4500,3904.7000,3805.0000,780437
2024-01-31,TCS.BSE,3804.1499,3814.7500,3834.8999,3797.0000,32384
2024-01-30,TCS.BSE,3801.5000,3799.1001,3845.7500,3786.0000,272018
2024-01-29,TCS.BSE,3807.8501,3801.3501,3820.5000,3782.0000,251247
2024-01-25,TCS.BSE,3836.8000,3808.2000,3855.0000,3780.0000,1089054
2024-01-24,TCS.BSE,3862.2000,3848.0000,3881.3999,3805.0000,408405
2024-01-23,TCS.BSE,3900.0000,3861.8999,3933.0000,3844.2500,51991
2024-01-19,TCS.BSE,3930.0000,3942.2500,3963.0000,3917.3999,562002
2024-01-18,TCS.BSE,3884.1499,3884.1499,3884.1499,3884.1499,0
2024-01-17,TCS.BSE,3835.8501,3884.1499,3910.0000,3818.1001,41328
2024-01-16,TCS.BSE,3902.2500,3861.0000,3902.2500,3855.2500,25447
2024-01-15,TCS.BSE,3952.4500,3902.3999,3965.0000,3885.0000,89116
2024-01-12,TCS.BSE,3843.9500,3881.7000,3905.7500,3820.6001,1168288
2024-01-11,TCS.BSE,3723.0000,3736.2000,3772.0000,3708.0000,205186
2024-01-10,TCS.BSE,3690.1499,3713.7000,3730.0000,3688.0000,99268
2024-01-09,TCS.BSE,3718.8501,3690.1499,3752.1001,3683.1499,87204
2024-01-08,TCS.BSE,3737.7500,3677.7000,3738.1499,3671.0500,26313
2024-01-05,TCS.BSE,3671.2000,3737.7500,3746.8999,3671.2000,226503
2024-01-04,TCS.BSE,3700.0000,3667.0000,3719.1499,3651.5500,113458
2024-01-03,TCS.BSE,3770.0000,3691.5500,3770.0000,3688.2000,101894
2024-01-02,TCS.BSE,3814.3999,3783.2500,3814.3999,3766.4500,28298
2024-01-01,TCS.BSE,3792.0000,3810.6001,3831.8999,3772.8000,68853
2023-12-29,TCS.BSE,3797.8501,3794.9500,3822.9500,3766.0500,105711
2023-12-28,TCS.BSE,3822.1001,3801.0500,3838.2500,3793.7500,29256
2023-12-27,TCS.BSE,3795.5500,3810.8000,3818.0000,3768.1001,28290
2023-12-26,TCS.BSE,3780.1001,3794.6001,3833.8501,3780.1001,70216
2023-12-22,TCS.BSE,3796.3000,3825.3000,3845.9500,3762.7000,127163
2023-12-21,TCS.BSE,3734.3999,3789.4500,3805.0000,3734.3999,90556
2023-12-20,TCS.BSE,3821.6001,3780.3501,3898.8501,3768.0000,60720
2023-12-19,TCS.BSE,3841.3999,3812.1001,3852.0000,3791.0000,54142
2023-12-18,TCS.BSE,3860.0000,3858.0000,3928.9500,3831.2000,73334
2023-12-15,TCS.BSE,3660.2000,3860.0500,3894.0500,3660.2000,272428
2023-12-14,TCS.BSE,3620.2500,3666.6001,3676.3501,3620.2500,246373
2023-12-13,TCS.BSE,3641.0000,3593.7500,3650.0000,3563.0500,115769
2023-12-12,TCS.BSE,3640.0000,3672.0500,3699.0000,3632.2000,77392
2023-12-11,TCS.BSE,3626.3999,3642.2000,3652.7000,3623.0000,22168
2023-12-08,TCS.BSE,3620.1499,3626.3999,3644.0000,3601.1499,274344
2023-12-07,TCS.BSE,3616.9500,3616.7000,3631.0000,3592.3501,37043
2023-12-06,TCS.BSE,3530.4500,3603.3501,3612.3999,3526.8999,48863
2023-12-05,TCS.BSE,3537.0000,3529.8999,3537.0000,3503.0000,77724
2023-12-04,TCS.BSE,3533.0500,3509.6499,3545.0000,3499.0000,48292
2023-12-01,TCS.BSE,3495.1001,3509.6001,3517.1499,3490.0000,441821
2023-11-30,TCS.BSE,3507.4500,3493.3999,3515.0000,3481.3000,46364
2023-11-29,TCS.BSE,3475.1499,3513.1001,3517.0000,3475.1499,98285
2023-11-28,TCS.BSE,3453.0000,3470.4500,3480.0000,3431.6001,58924
2023-11-24,TCS.BSE,3499.0000,3457.6001,3504.8999,3452.2500,365537
2023-11-23,TCS.BSE,3539.7500,3508.9500,3543.3999,3499.0000,196038
2023-11-22,TCS.BSE,3492.0500,3529.8501,3532.4500,3481.0000,114862
2023-11-21,TCS.BSE,3523.0000,3510.3000,3539.3999,3502.0000,48656
2023-11-20,TCS.BSE,3493.9500,3519.3000,3533.1001,3493.0000,80442
2023-11-17,TCS.BSE,3518.9500,3502.6499,3524.5000,3494.0500,271375
2023-11-16,TCS.BSE,3467.0000,3498.0000,3529.0000,3415.5000,169895
2023-11-15,TCS.BSE,3385.1001,3399.3000,3413.0000,3360.0000,128174
2023-11-13,TCS.BSE,3350.0000,3331.7000,3357.0000,3327.0000,32989
2023-11-10,TCS.BSE,3343.9500,3332.8000,3347.0000,3322.3501,253510
2023-11-09,TCS.BSE,3391.0000,3348.2500,3392.5000,3343.0000,35061
2023-11-08,TCS.BSE,3377.9500,3380.7500,3402.0000,3371.8501,68334
2023-11-07,TCS.BSE,3385.0000,3370.1001,3404.5500,3366.0500,38446
2023-11-06,TCS.BSE,3364.0000,3385.3501,3393.6499,3360.0000,14209
2023-11-03,TCS.BSE,3387.3999,3350.8501,3387.3999,3345.9500,124559
2023-11-02,TCS.BSE,3341.5500,3359.9500,3375.0000,3341.5500,39442
2023-11-01,TCS.BSE,3354.7500,3332.5500,3371.8999,3313.0000,16067
2023-10-31,TCS.BSE,3386.0500,3368.2000,3398.3000,3350.5500,47077
2023-10-30,TCS.BSE,3354.0000,3378.9500,3382.8999,3333.2500,17188
2023-10-27,TCS.BSE,3357.8999,3350.5500,3363.0500,3338.5000,342615
2023-10-26,TCS.BSE,3369.8501,3337.7500,3372.5000,3330.3999,155481
2023-10-25,TCS.BSE,3399.9500,3389.8501,3425.8999,3377.0000,32271
2023-10-23,TCS.BSE,3475.0000,3409.0000,3480.1001,3401.7000,26553
2023-10-20,TCS.BSE,3454.7000,3494.2500,3500.4500,3444.0500,391507
2023-10-19,TCS.BSE,3473.9500,3454.7500,3478.3501,3451.8501,216685
2023-10-18,TCS.BSE,3507.1001,3487.1499,3523.5500,3485.0000,35991
2023-10-17,TCS.BSE,3536.9500,3506.6499,3536.9500,3503.3501,79395
2023-10-16,TCS.BSE,3564.9500,3524.1499,3574.9500,3517.7500,41613
2023-10-13,TCS.BSE,3529.9500,3570.3000,3579.2000,3525.0000,326628
2023-10-12,TCS.BSE,3585.0000,3542.2500,3588.7500,3539.0000,205521
2023-10-11,TCS.BSE,3664.0000,3610.2000,3664.0000,3606.0000,530680
2023-10-10,TCS.BSE,3639.9500,3629.2000,3650.0000,3601.8999,57937
2023-10-09,TCS.BSE,3654.0000,3637.2500,3680.0000,3630.0000,136192
2023-10-06,TCS.BSE,3590.0000,3620.2000,3634.2500,3576.9500,251185
2023-10-05,TCS.BSE,3557.9500,3589.1001,3624.0000,3553.6499,64884
2023-10-04,TCS.BSE,3485.6001,3536.6499,3546.0000,3477.0000,282695
2023-10-03,TCS.BSE,3531.0500,3515.2500,3534.7500,3480.0000,110749
2023-09-29,TCS.BSE,3535.0000,3530.7500,3568.0000,3506.0000,83502
2023-09-28,TCS.BSE,3599.9500,3537.2500,3602.5500,3528.8000,374575
2023-09-27,TCS.BSE,3595.9500,3587.6499,3613.0000,3555.6001,26350
2023-09-26,TCS.BSE,3577.3999,3583.1499,3593.1001,3536.3501,113520
2023-09-25,TCS.BSE,3599.8999,3577.4500,3611.0000,3560.0500,84429
2023-09-22,TCS.BSE,3580.0500,3602.6499,3633.0500,3564.5500,32498
2023-09-21,TCS.BSE,3590.0000,3583.9500,3604.2500,3528.1001,103196
2023-09-20,TCS.BSE,3561.0500,3606.5500,3625.0000,3561.0500,32742
2023-09-18,TCS.BSE,3583.9500,3604.8999,3618.9500,3574.0500,85875
2023-09-15,TCS.BSE,3562.0000,3599.8501,3606.5000,3562.0000,49097
2023-09-14,TCS.BSE,3567.8501,3559.1499,3597.6499,3546.0500,24854
2023-09-13,TCS.BSE,3562.5500,3565.5500,3588.0000,3545.0500,36826
2023-09-12,TCS.BSE,3485.0500,3580.6001,3589.8501,3484.0500,102261
2023-09-11,TCS.BSE,3451.1499,3479.3501,3484.5000,3445.1001,93745
2023-09-08,TCS.BSE,3445.0500,3443.2500,3463.5000,3435.1001,189880
2023-09-07,TCS.BSE,3445.9500,3455.5500,3462.0000,3423.0000,37771
2023-09-06,TCS.BSE,3429.5500,3429.8501,3443.6001,3400.0000,36225
2023-09-05,TCS.BSE,3417.8501,3427.8501,3447.0000,3406.0000,41368
2023-09-04,TCS.BSE,3371.0500,3417.8501,3432.5500,3370.0500,36795
2023-09-01,TCS.BSE,3359.0500,3379.2000,3389.0000,3357.0500,47394
2023-08-31,TCS.BSE,3392.2000,3357.0500,3416.5000,3345.0000,25911
2023-08-30,TCS.BSE,3390.0000,3390.0500,3408.6499,3382.0500,116058
2023-08-29,TCS.BSE,3376.0500,3377.6499,3389.3999,3366.0000,63180
2023-08-28,TCS.BSE,3386.0500,3375.0000,3391.8000,3360.0000,82413
2023-08-25,TCS.BSE,3375.0000,3380.6001,3385.0000,3350.0000,155554
2023-08-24,TCS.BSE,3405.0000,3388.8000,3413.5500,3378.3501,101202
2023-08-23,TCS.BSE,3383.3000,3399.4500,3401.8999,3375.8999,130854
2023-08-22,TCS.BSE,3401.7500,3383.2500,3410.0000,3366.0000,69816
2023-08-21,TCS.BSE,3367.0000,3401.7500,3409.0000,3366.9500,62020
2023-08-18,TCS.BSE,3411.3000,3367.6499,3412.5000,3350.0000,584952
2023-08-17,TCS.BSE,3457.5500,3441.3501,3461.0000,3414.0000,62318
2023-08-16,TCS.BSE,3455.0000,3457.5500,3465.0500,3434.0000,38718
2023-08-14,TCS.BSE,3425.0500,3449.8501,3454.5000,3410.3000,88531
2023-08-11,TCS.BSE,3440.0000,3449.3501,3466.3999,3415.0000,121004
2023-08-10,TCS.BSE,3444.0500,3443.4500,3455.0000,3431.0000,85997
2023-08-09,TCS.BSE,3469.0000,3464.0000,3469.0000,3425.0000,53047
2023-08-08,TCS.BSE,3483.8501,3469.8501,3487.5000,3457.1001,81770
2023-08-07,TCS.BSE,3443.0000,3483.7500,3487.7500,3442.0000,48564
2023-08-04,TCS.BSE,3391.1001,3442.3000,3470.1499,3391.1001,73311
2023-08-03,TCS.BSE,3425.0000,3399.7000,3432.7000,3367.3000,89034
2023-08-02,TCS.BSE,3355.3501,3355.3501,3355.3501,3355.3501,0
2023-08-01,TCS.BSE,3355.3501,3355.3501,3355.3501,3355.3501,0
2023-07-31,TCS.BSE,3355.3501,3355.3501,3355.3501,3355.3501,0
2023-07-28,TCS.BSE,3389.8501,3355.3501,3389.8501,3331.0000,97335
2023-07-27,TCS.BSE,3387.0000,3387.0000,3387.0000,3387.0000,0
2023-07-26,TCS.BSE,3385.0500,3387.0000,3421.7500,3384.8999,21902
2023-07-25,TCS.BSE,3394.2000,3394.2000,3394.2000,3394.2000,0
2023-07-24,TCS.BSE,3374.0000,3394.2000,3413.3999,3371.0000,71143
2023-07-21,TCS.BSE,3423.9500,3369.6001,3435.0000,3357.7000,88718
2023-07-20,TCS.BSE,3457.0000,3462.3501,3478.5000,3436.0000,72310
2023-07-19,TCS.BSE,3495.0500,3471.0000,3516.0000,3446.2000,94660
2023-07-18,TCS.BSE,3491.9500,3491.9500,3491.9500,3491.9500,0
2023-07-17,TCS.BSE,3512.0000,3491.9500,3549.0000,3477.5000,76509
2023-07-14,TCS.BSE,3360.3000,3512.0000,3524.0000,3352.0500,392060
2023-07-13,TCS.BSE,3272.3000,3272.3000,3272.3000,3272.3000,0
2023-07-12,TCS.BSE,3272.3000,3272.3000,3272.3000,3272.3000,0
2023-07-11,TCS.BSE,3272.3000,3272.3000,3272.3000,3272.3000,0
2023-07-10,TCS.BSE,3326.1001,3272.3000,3326.1001,3265.0000,37435
2023-07-07,TCS.BSE,3300.8501,3325.7000,3356.3999,3300.8501,60304
2023-07-06,TCS.BSE,3300.5000,3300.5000,3300.5000,3300.5000,0
2023-07-05,TCS.BSE,3300.5000,3300.5000,3300.5000,3300.5000,0
2023-07-04,TCS.BSE,3300.5000,3300.5000,3300.5000,3300.5000,0
2023-07-03,TCS.BSE,3300.5000,3300.5000,3300.5000,3300.5000,0
2023-06-30,TCS.BSE,3215.0000,3300.5000,3309.6001,3215.0000,128775
2023-06-28,TCS.BSE,3203.0500,3214.7500,3231.0000,3193.2000,46412
2023-06-27,TCS.BSE,3200.0000,3196.6001,3209.7000,3183.0000,66914
2023-06-26,TCS.BSE,3202.0000,3189.8999,3210.2500,3172.4500,115935
2023-06-23,TCS.BSE,3236.0000,3217.4500,3247.0000,3209.0000,169294
2023-06-22,TCS.BSE,3265.9500,3238.8501,3267.0000,3231.8501,85493
2023-06-21,TCS.BSE,3240.0500,3257.4500,3261.0000,3224.5000,34640
2023-06-20,TCS.BSE,3214.0000,3227.2000,3232.0000,3201.6001,55192
2023-06-19,TCS.BSE,3175.3000,3209.6499,3215.0000,3173.0000,88241
2023-06-16,TCS.BSE,3203.9500,3175.2500,3203.9500,3156.2000,151310
2023-06-15,TCS.BSE,3240.0500,3216.2500,3245.4500,3211.0000,133137
2023-06-14,TCS.BSE,3241.0500,3251.7500,3255.7500,3226.0000,120224
2023-06-13,TCS.BSE,3256.0000,3243.8000,3265.0000,3240.6001,111746
2023-06-12,TCS.BSE,3210.0500,3248.5500,3254.3000,3210.0500,95226
2023-06-09,TCS.BSE,3245.0500,3210.4500,3249.9500,3207.0000,137471
2023-06-08,TCS.BSE,3269.9500,3236.1499,3270.0000,3233.1001,63206
2023-06-07,TCS.BSE,3237.0500,3274.6001,3278.8000,3237.0500,109708
2023-06-06,TCS.BSE,3289.0000,3234.1499,3289.0000,3221.3999,150482
2023-06-05,TCS.BSE,3313.0000,3289.6001,3325.8501,3285.0000,35207
2023-06-02,TCS.BSE,3316.2000,3304.3999,3336.7500,3296.6001,22900
2023-06-01,TCS.BSE,3310.0000,3323.3000,3339.8000,3295.0000,62779
2023-05-31,TCS.BSE,3314.8000,3291.0000,3327.5500,3271.0000,28339
2023-05-30,TCS.BSE,3317.0000,3314.8000,3326.3000,3302.0000,39929
2023-05-29,TCS.BSE,3329.0000,3329.0000,3329.0000,3329.0000,0
2023-05-26,TCS.BSE,3288.0500,3329.0000,3339.0000,3288.0500,66787
2023-05-25,TCS.BSE,3290.0000,3294.7500,3305.6499,3267.8501,30397
2023-05-24,TCS.BSE,3268.0000,3301.0500,3317.3501,3268.0000,11292
2023-05-23,TCS.BSE,3308.0000,3295.7000,3328.9500,3290.4500,32867
2023-05-22,TCS.BSE,3222.8501,3297.9500,3308.0000,3218.1499,37822
2023-05-19,TCS.BSE,3204.0000,3221.7500,3233.9500,3202.1001,38600
2023-05-18,TCS.BSE,3209.1001,3209.1001,3209.1001,3209.1001,0
2023-05-17,TCS.BSE,3251.0000,3209.1001,3272.4500,3198.6499,21459
2023-05-16,TCS.BSE,3262.0000,3257.0000,3283.8999,3250.7500,20043
2023-05-15,TCS.BSE,3280.5000,3253.1499,3292.7500,3249.1499,20898
2023-05-12,TCS.BSE,3281.5000,3273.7500,3290.0000,3259.3501,19204
2023-05-11,TCS.BSE,3306.0000,3281.5000,3309.0000,3272.5000,22830
2023-05-10,TCS.BSE,3288.0000,3285.9500,3306.3000,3268.0000,62216
2023-05-09,TCS.BSE,3247.0000,3283.8999,3298.2000,3246.5000,23799
2023-05-08,TCS.BSE,3230.8501,3249.9500,3253.0000,3230.8501,53011
2023-05-05,TCS.BSE,3220.3000,3230.8501,3242.8999,3210.0000,23445
2023-05-04,TCS.BSE,3191.9500,3220.3501,3224.5000,3181.0000,74186
2023-05-03,TCS.BSE,3209.0500,3180.3000,3215.7500,3174.0500,53799
2023-05-02,TCS.BSE,3217.0000,3219.2000,3232.1001,3211.0000,69567
2023-04-28,TCS.BSE,3208.0000,3216.0000,3227.2000,3197.1499,51644
2023-04-27,TCS.BSE,3200.0000,3187.1001,3200.0000,3171.0000,80128
2023-04-26,TCS.BSE,3176.0000,3199.7000,3207.0000,3176.0000,40943
2023-04-25,TCS.BSE,3180.0000,3175.3000,3190.8501,3148.8999,76223
2023-04-24,TCS.BSE,3151.0000,3174.1499,3180.6001,3126.6001,122196
2023-04-21,TCS.BSE,3101.0000,3161.6499,3165.7500,3101.0000,58734
2023-04-20,TCS.BSE,3100.0000,3104.4500,3112.9500,3079.0000,76175
2023-04-19,TCS.BSE,3126.0000,3088.7000,3132.0500,3072.3501,185687
2023-04-18,TCS.BSE,3148.0500,3131.3000,3155.8000,3111.3000,151970
2023-04-17,TCS.BSE,3150.0000,3139.6001,3163.3501,3070.3000,191858
2023-04-13,TCS.BSE,3210.0500,3189.8501,3226.0000,3181.0500,232961
2023-04-12,TCS.BSE,3218.0000,3242.1001,3259.9500,3200.0000,126563
2023-04-11,TCS.BSE,3275.0000,3214.2500,3275.0000,3193.2000,103589
2023-04-10,TCS.BSE,3217.0000,3263.2000,3271.0000,3215.5500,101932
2023-04-06,TCS.BSE,3227.5000,3221.7000,3256.8999,3216.7000,139159
2023-04-05,TCS.BSE,3190.0000,3236.8000,3263.6001,3185.7500,188173
2023-04-03,TCS.BSE,3225.0000,3199.2500,3225.0000,3175.0000,29210
2023-03-31,TCS.BSE,3191.0000,3205.8000,3214.0000,3153.0000,39813
2023-03-29,TCS.BSE,3125.0000,3138.1001,3149.0000,3105.0000,25771
2023-03-28,TCS.BSE,3122.0000,3115.5000,3145.3501,3110.0000,31013
2023-03-27,TCS.BSE,3123.8501,3120.1001,3151.9500,3105.8501,77555
2023-03-24,TCS.BSE,3145.0000,3121.4500,3169.7000,3108.8000,34882
2023-03-23,TCS.BSE,3117.0000,3124.0000,3144.0000,3100.8000,26541
2023-03-22,TCS.BSE,3121.3501,3130.7000,3143.6001,3106.1001,33080
2023-03-21,TCS.BSE,3145.0000,3105.8999,3155.0000,3097.0000,34240
2023-03-20,TCS.BSE,3173.5000,3141.2000,3173.5000,3096.1001,52684
2023-03-17,TCS.BSE,3151.0000,3178.9500,3220.0000,3145.0000,269767
2023-03-16,TCS.BSE,3196.0000,3184.7500,3219.0000,3171.4500,52784
2023-03-15,TCS.BSE,3242.5500,3198.7500,3261.2000,3191.0000,95877
2023-03-14,TCS.BSE,3275.5500,3216.8501,3304.0000,3210.0000,240605
2023-03-13,TCS.BSE,3331.0500,3282.3999,3369.2500,3272.0000,81352
2023-03-10,TCS.BSE,3311.0000,3331.0500,3337.0000,3295.0000,54663
2023-03-09,TCS.BSE,3389.7000,3337.4500,3389.7000,3329.0000,48171
2023-03-08,TCS.BSE,3361.0000,3389.7000,3395.0000,3331.7000,30873
2023-03-06,TCS.BSE,3356.0000,3371.5000,3404.0000,3356.0000,57870
2023-03-03,TCS.BSE,3360.0000,3342.7500,3360.0000,3331.0000,15677
2023-03-02,TCS.BSE,3369.9500,3321.1499,3369.9500,3318.0000,48727
2023-03-01,TCS.BSE,3326.5000,3385.8501,3389.0500,3320.0000,48789
2023-02-28,TCS.BSE,3331.8501,3314.1499,3392.0000,3300.0500,56090
2023-02-27,TCS.BSE,3397.8999,3331.8501,3397.8999,3317.3000,30683
2023-02-24,TCS.BSE,3421.2000,3400.0500,3434.0000,3382.5500,35329
2023-02-23,TCS.BSE,3410.5000,3414.1001,3453.7500,3408.0000,41914
2023-02-22,TCS.BSE,3424.8999,3400.5500,3447.5500,3395.1001,41593
2023-02-21,TCS.BSE,3489.0000,3449.3999,3507.9500,3445.0000,102243
2023-02-20,TCS.BSE,3506.0000,3486.1001,3522.0000,3475.2000,43050
2023-02-17,TCS.BSE,3525.0000,3499.6499,3536.7500,3489.9500,50874
2023-02-16,TCS.BSE,3530.0000,3553.9500,3575.0000,3526.0000,57676
2023-02-15,TCS.BSE,3490.0000,3518.8999,3525.0000,3460.4500,30042
2023-02-14,TCS.BSE,3499.0000,3499.1499,3524.2000,3496.1001,141270
2023-02-13,TCS.BSE,3548.0000,3482.7500,3548.0000,3475.0000,26143
2023-02-10,TCS.BSE,3512.0500,3535.4500,3541.1499,3506.6499,48411
2023-02-09,TCS.BSE,3518.7000,3541.1499,3547.9500,3504.0000,32844
2023-02-08,TCS.BSE,3472.0000,3518.7000,3539.5000,3472.0000,50900
2023-02-07,TCS.BSE,3464.0000,3470.6499,3492.0000,3460.1499,80033
2023-02-06,TCS.BSE,3475.0000,3460.0000,3475.0000,3437.0000,21416
2023-02-03,TCS.BSE,3492.6001,3481.8501,3498.0000,3452.4500,125650
2023-02-02,TCS.BSE,3407.0500,3461.9500,3468.3000,3407.0500,48456
2023-02-01,TCS.BSE,3380.0000,3407.6499,3418.0000,3355.6001,43182
2023-01-31,TCS.BSE,3442.0500,3357.4500,3444.8501,3347.7000,79115
2023-01-30,TCS.BSE,3413.5500,3435.3999,3457.9500,3387.1499,59893
2023-01-27,TCS.BSE,3430.0000,3410.3999,3447.0000,3382.1499,91518
2023-01-25,TCS.BSE,3425.0000,3431.5500,3435.9500,3405.7000,39744
2023-01-24,TCS.BSE,3423.0000,3435.8501,3451.7500,3416.1001,55283
2023-01-23,TCS.BSE,3375.3000,3414.0000,3418.0000,3358.0000,46966
2023-01-20,TCS.BSE,3369.7000,3361.6499,3393.8000,3356.2000,46357
2023-01-19,TCS.BSE,3380.0000,3372.3999,3387.1001,3360.5500,77208
2023-01-18,TCS.BSE,3373.5500,3390.5500,3407.6499,3371.0000,107557
2023-01-17,TCS.BSE,3334.0000,3378.8501,3383.0000,3319.7500,121563
2023-01-16,TCS.BSE,3320.0000,3334.3999,3352.3999,3298.7500,64489
2023-01-13,TCS.BSE,3349.0000,3374.2000,3379.1001,3305.2000,98757
2023-01-12,TCS.BSE,3333.0000,3334.6001,3350.0000,3316.0000,83856
2023-01-11,TCS.BSE,3289.0000,3328.8501,3349.0000,3272.0000,72414
2023-01-10,TCS.BSE,3290.0000,3286.2000,3292.5000,3231.0000,94932
2023-01-09,TCS.BSE,3243.8999,3319.7000,3327.8000,3215.3000,169062
2023-01-06,TCS.BSE,3300.0000,3212.0000,3300.0500,3200.0000,91907
2023-01-05,TCS.BSE,3330.0000,3310.3501,3336.1001,3283.1001,54074
2023-01-04,TCS.BSE,3304.0000,3314.0500,3326.8501,3286.8501,42280
2023-01-03,TCS.BSE,3260.0000,3310.8501,3319.5500,3247.7000,45996
2023-01-02,TCS.BSE,3265.0000,3260.6499,3267.0000,3235.8501,72106
2022-12-30,TCS.BSE,3285.0000,3259.2500,3299.0500,3246.7500,182089
2022-12-29,TCS.BSE,3233.0000,3269.2500,3271.0000,3229.0500,52967
2022-12-28,TCS.BSE,3245.0000,3256.3000,3266.9500,3226.8000,41409
2022-12-27,TCS.BSE,3265.0000,3259.0500,3273.9500,3230.6001,34548
2022-12-26,TCS.BSE,3225.0000,3255.8501,3271.9500,3225.0000,18484
2022-12-23,TCS.BSE,3235.1001,3227.3000,3265.8501,3218.7000,88714
2022-12-22,TCS.BSE,3288.0000,3258.7000,3290.9500,3244.6001,41242
2022-12-21,TCS.BSE,3249.0000,3267.1499,3283.0000,3239.3501,91096
2022-12-20,TCS.BSE,3201.0000,3242.8999,3248.0500,3164.0000,28562
2022-12-19,TCS.BSE,3234.0000,3201.6001,3246.0000,3195.0000,90877
2022-12-16,TCS.BSE,3280.0000,3238.1001,3291.1001,3225.1001,66727
2022-12-15,TCS.BSE,3364.0000,3304.5500,3364.0000,3300.0000,56212
2022-12-14,TCS.BSE,3341.0000,3364.7000,3378.0500,3341.0000,39334
2022-12-13,TCS.BSE,3280.2000,3331.8999,3339.3999,3269.0000,36869
2022-12-12,TCS.BSE,3250.0000,3284.5000,3295.0000,3236.3501,80179
2022-12-09,TCS.BSE,3366.0000,3292.6499,3372.0000,3277.0000,68806
2022-12-08,TCS.BSE,3374.0000,3350.3000,3374.0000,3339.0500,106443
2022-12-07,TCS.BSE,3367.0000,3380.6001,3394.6499,3354.0500,45278
2022-12-06,TCS.BSE,3400.0000,3384.3501,3407.8501,3367.8501,50436
2022-12-05,TCS.BSE,3424.0000,3425.0000,3435.8501,3407.3000,77725
2022-12-02,TCS.BSE,3460.0000,3439.2500,3468.0000,3414.0000,83358
2022-12-01,TCS.BSE,3421.0000,3475.1001,3479.6499,3421.0000,261887
2022-11-30,TCS.BSE,3390.0000,3392.3999,3413.1499,3375.0500,32178
2022-11-29,TCS.BSE,3380.2500,3397.1001,3428.0000,3380.2500,166776
2022-11-28,TCS.BSE,3371.0000,3397.3999,3416.2000,3365.0000,95814
2022-11-25,TCS.BSE,3378.0000,3388.8501,3402.0000,3348.0000,80720
2022-11-24,TCS.BSE,3315.0000,3378.5000,3392.0000,3307.0500,150131
2022-11-23,TCS.BSE,3330.0000,3310.3999,3330.0000,3290.7500,73213
2022-11-22,TCS.BSE,3272.0000,3314.2500,3318.9500,3255.0500,23411
2022-11-21,TCS.BSE,3330.0000,3282.3000,3332.2000,3274.7000,26113
2022-11-18,TCS.BSE,3346.0000,3341.8000,3361.3999,3321.1499,138271
2022-11-17,TCS.BSE,3343.0000,3351.3999,3358.6499,3318.3000,46877
2022-11-16,TCS.BSE,3334.0000,3354.0500,3367.0000,3322.0500,196455
2022-11-15,TCS.BSE,3325.0000,3332.6499,3341.1499,3291.8000,132868
2022-11-14,TCS.BSE,3321.0000,3334.0500,3349.0000,3307.3000,145040
2022-11-11,TCS.BSE,3262.0000,3316.1001,3341.2500,3253.6001,308454
2022-11-10,TCS.BSE,3175.0000,3206.0000,3225.1499,3172.3999,114990
2022-11-09,TCS.BSE,3236.0000,3215.9500,3245.6001,3202.0000,107468
2022-11-07,TCS.BSE,3225.0000,3234.2500,3242.0000,3196.1499,121301
2022-11-04,TCS.BSE,3207.1499,3216.3000,3220.0000,3168.0000,112298
2022-11-03,TCS.BSE,3225.0000,3207.1499,3225.4500,3195.0000,1567293
2022-11-02,TCS.BSE,3270.0000,3242.7500,3270.0000,3222.1499,146673
2022-11-01,TCS.BSE,3209.0000,3259.6001,3261.6499,3205.0500,52959
2022-10-31,TCS.BSE,3193.0000,3193.0500,3199.3000,3178.4500,80343
2022-10-28,TCS.BSE,3156.1499,3162.9500,3178.3999,3147.0500,36819
2022-10-27,TCS.BSE,3159.0000,3156.1499,3173.3501,3134.6001,42161
2022-10-25,TCS.BSE,3180.0000,3161.8000,3183.9500,3150.8501,142516
2022-10-24,TCS.BSE,3160.0000,3161.9500,3178.0000,3155.0000,42704
2022-10-21,TCS.BSE,3154.8501,3139.3999,3159.0000,3127.6499,93476
2022-10-20,TCS.BSE,3112.0000,3154.8501,3160.0000,3104.5000,35915
2022-10-19,TCS.BSE,3139.8501,3120.7500,3153.3501,3112.5500,50767
2022-10-18,TCS.BSE,3145.0000,3143.7500,3153.5500,3128.8999,41737
2022-10-17,TCS.BSE,3082.0000,3111.6499,3127.5000,3072.5500,1207533
2022-10-14,TCS.BSE,3136.0000,3097.6499,3149.0000,3071.0500,127684
2022-10-13,TCS.BSE,3104.6001,3101.0500,3110.0000,3053.3000,123897
2022-10-12,TCS.BSE,3093.8000,3100.7500,3110.0000,3063.2500,77306
2022-10-11,TCS.BSE,3100.0000,3068.9500,3144.5500,3054.7500,1428966
2022-10-10,TCS.BSE,3013.1001,3121.2000,3129.8999,3013.0500,227444
2022-10-07,TCS.BSE,3099.0000,3064.9500,3104.8501,3059.0000,190047
2022-10-06,TCS.BSE,3103.0000,3104.7000,3124.1001,3092.5000,185886
2022-10-04,TCS.BSE,3020.0000,3092.5000,3097.5000,3020.0000,113230
2022-10-03,TCS.BSE,3004.6001,2985.7000,3020.4500,2973.8501,161101
2022-09-30,TCS.BSE,2995.0000,3004.6001,3019.0000,2950.1001,167509
2022-09-29,TCS.BSE,3042.0000,2997.3501,3052.5000,2990.7000,116665
2022-09-28,TCS.BSE,2980.0000,3037.3501,3049.0000,2980.0000,129003
2022-09-27,TCS.BSE,3014.4500,3018.6499,3025.0000,2976.0000,152031
2022-09-26,TCS.BSE,2978.0000,2994.7500,3024.5000,2926.0000,181320
2022-09-23,TCS.BSE,3006.1001,2982.8000,3021.9500,2980.1001,145153
2022-09-22,TCS.BSE,2986.1499,3007.6001,3029.9500,2980.0000,148264
2022-09-21,TCS.BSE,3029.0000,3001.7500,3040.8000,3000.0000,124329
2022-09-20,TCS.BSE,3050.0000,3041.3999,3079.8999,3031.0000,112804
2022-09-19,TCS.BSE,3025.0000,3028.5500,3042.9500,2988.3501,855360
2022-09-16,TCS.BSE,3088.0000,3008.6499,3097.9500,3001.0000,352662
2022-09-15,TCS.BSE,3127.0000,3104.3501,3140.6499,3101.0000,192170
2022-09-14,TCS.BSE,3135.0000,3120.8501,3142.0000,3114.7500,373125
2022-09-13,TCS.BSE,3260.0000,3229.3999,3263.1499,3225.0000,129890
2022-09-12,TCS.BSE,3233.8501,3241.3000,3268.7000,3226.7500,90748
2022-09-09,TCS.BSE,3190.3000,3217.3000,3232.0000,3168.8501,197742
2022-09-08,TCS.BSE,3164.0000,3169.8501,3183.7000,3160.4500,96753
2022-09-07,TCS.BSE,3117.0000,3151.1001,3160.8999,3102.0000,105750
2022-09-06,TCS.BSE,3134.2000,3128.8501,3140.9500,3106.1001,67799
2022-09-05,TCS.BSE,3129.6499,3132.8501,3147.4500,3113.5000,224678
2022-09-02,TCS.BSE,3160.0000,3129.6499,3161.3999,3121.5000,108411
2022-09-01,TCS.BSE,3189.6001,3131.5500,3189.6001,3121.2000,431542
2022-08-30,TCS.BSE,3148.0000,3211.6001,3226.9500,3143.2000,117816
2022-08-29,TCS.BSE,3145.0000,3133.7000,3145.0000,3081.3000,114608
2022-08-26,TCS.BSE,3234.8501,3221.6499,3257.0000,3218.1001,28323
2022-08-25,TCS.BSE,3270.2000,3218.1001,3279.9500,3213.5000,91523
2022-08-24,TCS.BSE,3295.0000,3255.3501,3307.8501,3251.0000,53777
2022-08-23,TCS.BSE,3324.2500,3283.7500,3340.8999,3274.5500,122593
2022-08-22,TCS.BSE,3369.0000,3354.2500,3384.4500,3347.0000,96277
2022-08-19,TCS.BSE,3388.0000,3385.2500,3421.0000,3371.0500,140465
2022-08-18,TCS.BSE,3399.0000,3381.2500,3399.0000,3361.7000,137979
2022-08-17,TCS.BSE,3385.0000,3400.6499,3417.0000,3371.0000,111891
2022-08-16,TCS.BSE,3403.0500,3392.9500,3413.5000,3387.8000,22937
2022-08-12,TCS.BSE,3420.0000,3399.8000,3420.1001,3382.0000,112772
2022-08-11,TCS.BSE,3393.0000,3422.4500,3428.0000,3377.0000,124557
2022-08-10,TCS.BSE,3377.1001,3356.0000,3380.3000,3335.0000,72060
2022-08-08,TCS.BSE,3361.0000,3373.9500,3378.8999,3335.5000,86210
2022-08-05,TCS.BSE,3354.0000,3365.2500,3377.0000,3354.0000,25229
2022-08-04,TCS.BSE,3352.0000,3354.1499,3387.9500,3306.6499,128302
2022-08-03,TCS.BSE,3289.5000,3339.6001,3349.0000,3276.7000,47351
2022-08-02,TCS.BSE,3281.0000,3290.0500,3311.4500,3272.0000,75259
2022-08-01,TCS.BSE,3327.0500,3299.2000,3329.0000,3271.0000,1310532
2022-07-29,TCS.BSE,3290.2000,3300.8000,3316.6001,3276.0000,55026
2022-07-28,TCS.BSE,3214.8999,3260.2000,3264.0000,3201.3501,80279
2022-07-27,TCS.BSE,3102.0000,3188.3501,3194.1001,3102.0000,44030
2022-07-26,TCS.BSE,3163.9500,3115.8501,3166.9500,3096.5500,96329
2022-07-25,TCS.BSE,3169.0000,3167.3000,3185.0000,3148.3501,61457
2022-07-22,TCS.BSE,3180.0000,3171.0000,3197.0000,3142.1001,81444
2022-07-21,TCS.BSE,3167.1001,3177.7000,3183.5500,3144.1001,51548
2022-07-20,TCS.BSE,3109.4500,3163.9500,3170.8501,3098.0000,217944
2022-07-19,TCS.BSE,3026.0000,3075.1001,3078.9500,3026.0000,103279
2022-07-18,TCS.BSE,3023.3999,3060.3501,3076.4500,3015.0000,1742719
2022-07-15,TCS.BSE,3015.0000,2993.5500,3028.0000,2953.0000,120629
2022-07-14,TCS.BSE,3060.0000,2998.7000,3060.0000,2968.0000,167339
2022-07-13,TCS.BSE,3108.5000,3038.5500,3109.8999,3033.7000,107114
2022-07-12,TCS.BSE,3125.0000,3084.6499,3136.2000,3081.0000,188774
2022-07-11,TCS.BSE,3220.0000,3113.2500,3223.0500,3105.8501,202245
2022-07-08,TCS.BSE,3297.0000,3264.8501,3300.2500,3250.0500,76501
2022-07-07,TCS.BSE,3269.9500,3286.9500,3319.0000,3265.0000,77239
2022-07-06,TCS.BSE,3216.0000,3260.3000,3267.8999,3202.3999,101238
2022-07-05,TCS.BSE,3252.0000,3216.1499,3272.0000,3209.0000,138816
2022-07-04,TCS.BSE,3315.0000,3234.6499,3316.6001,3225.8000,113323
2022-07-01,TCS.BSE,3262.0000,3316.1499,3332.4500,3252.0000,34282
2022-06-30,TCS.BSE,3270.0000,3265.2500,3310.9500,3254.0000,41813
2022-06-29,TCS.BSE,3270.0000,3291.0500,3332.8999,3270.0000,108986
2022-06-28,TCS.BSE,3312.6499,3318.9500,3326.2500,3274.0000,31985
2022-06-27,TCS.BSE,3338.0000,3312.6499,3361.7000,3306.3999,38084
2022-06-24,TCS.BSE,3344.0000,3292.9500,3344.0000,3278.0000,107346
2022-06-23,TCS.BSE,3222.0000,3309.0000,3317.0000,3222.0000,371935
2022-06-22,TCS.BSE,3201.0000,3222.0000,3249.0000,3184.1499,94514
2022-06-21,TCS.BSE,3128.0000,3212.0000,3237.3000,3125.0000,106881
2022-06-20,TCS.BSE,3094.5000,3113.2000,3138.6001,3069.7000,94264
2022-06-17,TCS.BSE,3099.6499,3089.2500,3110.5500,3023.3501,276257
2022-06-16,TCS.BSE,3237.3999,3142.3501,3241.6499,3134.0000,175120
2022-06-15,TCS.BSE,3214.9500,3206.8000,3234.0000,3201.1001,87160
2022-06-14,TCS.BSE,3198.0000,3211.2500,3238.8999,3178.8999,168330
2022-06-13,TCS.BSE,3291.0000,3220.1499,3293.0000,3194.0000,168993
2022-06-10,TCS.BSE,3388.0000,3365.3501,3390.1499,3352.1001,116639
2022-06-09,TCS.BSE,3373.0000,3426.5500,3436.3999,3354.1499,46081
2022-06-08,TCS.BSE,3372.0000,3403.0500,3413.4500,3347.0000,79401
2022-06-07,TCS.BSE,3420.0000,3362.0000,3420.0000,3356.2000,26386
2022-06-06,TCS.BSE,3421.0000,3430.2500,3453.1001,3378.0000,34827
2022-06-03,TCS.BSE,3454.7000,3438.8000,3477.5000,3431.5500,65791
2022-06-02,TCS.BSE,3357.0000,3422.9500,3432.2500,3350.0500,104828
2022-06-01,TCS.BSE,3385.0000,3356.5000,3388.0000,3342.5000,121714
2022-05-31,TCS.BSE,3355.0000,3364.8000,3382.9500,3324.1001,72520
2022-05-30,TCS.BSE,3273.8501,3375.5500,3385.8000,3273.8501,117464
2022-05-27,TCS.BSE,3249.0000,3262.2000,3278.8501,3230.0000,146145
2022-05-26,TCS.BSE,3190.0000,3228.6001,3242.0000,3181.0000,110339
2022-05-25,TCS.BSE,3286.0000,3166.6001,3286.5500,3155.0000,235534
2022-05-24,TCS.BSE,3311.0000,3288.0500,3320.9500,3276.5000,105893
2022-05-23,TCS.BSE,3315.0000,3320.9500,3338.0000,3267.0500,88129
2022-05-20,TCS.BSE,3309.0000,3293.8999,3314.0000,3271.1499,137393
2022-05-19,TCS.BSE,3376.0000,3270.7000,3402.6001,3231.0500,494805
2022-05-18,TCS.BSE,3460.0000,3449.0000,3495.0000,3443.0500,59292
2022-05-17,TCS.BSE,3369.9500,3452.2000,3466.3999,3351.2500,37639
2022-05-16,TCS.BSE,3414.0000,3376.6499,3429.5000,3366.8501,32081
2022-05-13,TCS.BSE,3441.0000,3413.4500,3441.3000,3383.1499,142500
2022-05-12,TCS.BSE,3400.0000,3411.0000,3448.3999,3350.1001,158049
2022-05-11,TCS.BSE,3434.0000,3412.8999,3447.5000,3382.0000,66515
2022-05-10,TCS.BSE,3440.0000,3437.2500,3464.8999,3425.0000,95068
2022-05-09,TCS.BSE,3393.0000,3446.1001,3455.5000,3348.7500,185666
2022-05-06,TCS.BSE,3468.4500,3433.0000,3474.7000,3425.0500,134551
2022-05-05,TCS.BSE,3506.0500,3513.3000,3532.9500,3486.6001,74099
2022-05-04,TCS.BSE,3540.0000,3482.4500,3545.2000,3465.5500,1062687
2022-05-02,TCS.BSE,3550.1001,3550.1001,3550.1001,3550.1001,0
2022-04-29,TCS.BSE,3597.0000,3550.1001,3621.9500,3537.3999,47354
2022-04-28,TCS.BSE,3585.0000,3584.0000,3603.8000,3539.0000,85289
2022-04-27,TCS.BSE,3540.0000,3561.3000,3568.0500,3506.0000,94285
2022-04-26,TCS.BSE,3565.0000,3544.6499,3587.3000,3520.0000,71786
2022-04-25,TCS.BSE,3561.1001,3547.7000,3583.0000,3534.0000,76976
2022-04-22,TCS.BSE,3580.0000,3611.8501,3617.0000,3571.2000,303745
2022-04-21,TCS.BSE,3589.0000,3629.9500,3643.0000,3568.5000,42124
2022-04-20,TCS.BSE,3489.7500,3555.9500,3569.0000,3481.0500,183652
2022-04-19,TCS.BSE,3550.0000,3474.3000,3563.6001,3440.0000,207746
2022-04-18,TCS.BSE,3620.0000,3528.4500,3620.0000,3524.0000,183837
2022-04-13,TCS.BSE,3703.0000,3661.3000,3710.0500,3657.0000,106056
2022-04-12,TCS.BSE,3680.0000,3691.4500,3738.6001,3650.0500,283042
2022-04-11,TCS.BSE,3698.0000,3696.3999,3711.2500,3656.8501,168596
2022-04-08,TCS.BSE,3690.0000,3686.8501,3705.0000,3643.8501,138607
2022-04-07,TCS.BSE,3740.0500,3684.9500,3743.3000,3676.0000,172534
2022-04-06,TCS.BSE,3812.6499,3756.1499,3812.6499,3732.3000,76724
2022-04-05,TCS.BSE,3792.0000,3814.0500,3835.5000,3775.5500,127222
2022-04-04,TCS.BSE,3761.0000,3769.8000,3779.0000,3738.0500,56385
2022-04-01,TCS.BSE,3746.1499,3756.8501,3762.4500,3729.0000,84280
2022-03-31,TCS.BSE,3736.0000,3738.8000,3754.0000,3720.0500,52924
2022-03-30,TCS.BSE,3738.0000,3730.6499,3738.0000,3707.0500,70417
2022-03-29,TCS.BSE,3690.0000,3704.9500,3721.0000,3690.0000,139652
2022-03-28,TCS.BSE,3698.0000,3706.0500,3712.5000,3660.6499,127823
2022-03-25,TCS.BSE,3753.0000,3707.9500,3778.0500,3672.9500,104788
2022-03-24,TCS.BSE,3700.0000,3750.0000,3757.6001,3699.9500,52182
2022-03-23,TCS.BSE,3709.0000,3708.2500,3730.0000,3689.6001,133080
2022-03-22,TCS.BSE,3630.1001,3700.9500,3712.0000,3625.5000,50288
2022-03-21,TCS.BSE,3700.0000,3625.2500,3713.9500,3615.0000,90739
2022-03-17,TCS.BSE,3692.0000,3675.2000,3709.6001,3661.0000,79044
2022-03-16,TCS.BSE,3653.7000,3654.2500,3667.0000,3600.0000,80789
2022-03-15,TCS.BSE,3656.5000,3595.3999,3658.7000,3586.0000,37001
2022-03-14,TCS.BSE,3584.0000,3642.7000,3648.0000,3580.0000,138512
2022-03-11,TCS.BSE,3614.0000,3600.7000,3641.7000,3594.0000,43118
2022-03-10,TCS.BSE,3685.0000,3620.1001,3685.0000,3614.6001,126839
2022-03-09,TCS.BSE,3610.0000,3633.3501,3654.0000,3599.0000,137528
2022-03-08,TCS.BSE,3458.0000,3599.9500,3608.0000,3458.0000,191722
2022-03-07,TCS.BSE,3469.0000,3485.3000,3547.4500,3351.0000,244599
2022-03-04,TCS.BSE,3500.0000,3525.2000,3561.3999,3485.0000,107978
2022-03-03,TCS.BSE,3568.0000,3544.4500,3578.5000,3530.8501,87974
2022-03-02,TCS.BSE,3560.1001,3544.3501,3570.6499,3506.9500,137462
2022-02-28,TCS.BSE,3493.0000,3554.5500,3563.8999,3456.7000,75954
2022-02-25,TCS.BSE,3452.2500,3519.7000,3530.0000,3452.2500,231297
2022-02-24,TCS.BSE,3475.0000,3402.2500,3490.0000,3392.0500,414928
2022-02-23,TCS.BSE,3604.7000,3565.3000,3639.8501,3555.8501,208645
2022-02-22,TCS.BSE,3649.0000,3586.6499,3662.9500,3570.8000,333134
2022-02-21,TCS.BSE,3812.0000,3720.2500,3828.8999,3705.8000,581891
2022-02-18,TCS.BSE,3769.0000,3794.8000,3815.9500,3756.0000,340554
2022-02-17,TCS.BSE,3830.0000,3784.4500,3835.1499,3780.0000,253743
2022-02-16,TCS.BSE,3852.0000,3813.5500,3856.0000,3805.8999,171784
2022-02-15,TCS.BSE,3785.4500,3817.7000,3833.0000,3749.9500,280664
2022-02-14,TCS.BSE,3695.6001,3695.6001,3695.6001,3695.6001,0
2022-02-11,TCS.BSE,3752.0000,3695.6001,3752.0000,3690.6001,172871
2022-02-10,TCS.BSE,3785.0000,3771.2000,3788.6001,3758.3000,67626
2022-02-09,TCS.BSE,3762.0000,3761.2500,3778.0000,3748.0000,43296
2022-02-08,TCS.BSE,3794.8999,3742.3999,3801.7500,3721.1499,85663
2022-02-07,TCS.BSE,3800.0000,3778.6001,3832.3999,3756.1001,81224
2022-02-04,TCS.BSE,3810.0000,3814.6499,3825.0000,3769.2000,107911
2022-02-03,TCS.BSE,3845.0000,3825.0000,3882.9500,3815.0000,114933
2022-02-02,TCS.BSE,3823.0000,3857.0000,3864.0000,3800.6499,72720
2022-02-01,TCS.BSE,3780.0000,3800.6499,3809.0000,3735.6001,142772
2022-01-31,TCS.BSE,3742.2000,3737.8999,3758.0500,3721.7000,140447
2022-01-28,TCS.BSE,3659.0000,3690.2500,3729.0000,3650.0000,213927
2022-01-27,TCS.BSE,3740.0000,3650.1001,3740.0000,3626.2500,408154
2022-01-25,TCS.BSE,3771.0000,3770.1001,3809.2000,3723.0500,229135
2022-01-24,TCS.BSE,3841.0000,3771.5000,3850.1499,3741.0000,288622
2022-01-21,TCS.BSE,3814.0000,3834.8501,3851.0000,3771.7500,231443
2022-01-20,TCS.BSE,3915.0000,3827.8501,3915.0000,3814.0000,289388
2022-01-19,TCS.BSE,4018.0000,3915.8000,4018.0000,3911.7500,138761
2022-01-18,TCS.BSE,4045.5000,3990.2500,4045.5000,3981.0000,110328
2022-01-17,TCS.BSE,3998.0000,4019.1001,4043.0000,3963.0000,295249
2022-01-14,TCS.BSE,3880.0000,3969.2500,3978.3000,3860.1001,280512
2022-01-13,TCS.BSE,3934.0000,3897.6499,3944.3999,3857.2500,368315
2022-01-12,TCS.BSE,3927.8000,3857.2500,3930.1499,3836.8000,122701
2022-01-11,TCS.BSE,3859.0000,3915.8000,3925.8501,3853.8000,80161
2022-01-10,TCS.BSE,3974.0000,3879.3501,3979.8999,3861.8501,244605
2022-01-07,TCS.BSE,3809.1001,3854.8501,3864.4500,3796.0000,41904
2022-01-06,TCS.BSE,3816.0000,3806.8501,3834.7500,3771.3501,111898
2022-01-05,TCS.BSE,3865.0000,3861.0500,3870.1001,3811.0000,54550
2022-01-04,TCS.BSE,3829.0500,3882.7000,3888.0000,3810.0000,342652
2022-01-03,TCS.BSE,3744.0000,3818.1499,3829.0000,3743.9500,67010
2021-12-31,TCS.BSE,3736.0500,3736.8501,3759.8000,3731.5500,51482
2021-12-30,TCS.BSE,3693.0000,3733.1499,3739.6001,3680.5500,45572
2021-12-29,TCS.BSE,3700.0000,3693.1499,3719.4500,3684.3999,75965
2021-12-28,TCS.BSE,3715.0000,3707.3000,3724.5000,3694.0500,34438
2021-12-27,TCS.BSE,3670.0000,3695.5500,3700.0000,3653.1499,37807
2021-12-24,TCS.BSE,3676.0000,3670.2500,3703.8999,3645.3000,141802
2021-12-23,TCS.BSE,3640.5000,3662.8000,3671.0000,3630.0500,62978
2021-12-22,TCS.BSE,3612.0000,3630.0000,3636.0000,3605.3999,68470
2021-12-21,TCS.BSE,3585.0000,3608.4500,3639.6001,3568.0500,104021
2021-12-20,TCS.BSE,3570.1001,3557.1001,3605.0000,3509.8501,160727
2021-12-17,TCS.BSE,3601.0000,3587.2000,3650.0000,3573.1499,82484
2021-12-16,TCS.BSE,3580.0000,3581.3501,3607.2500,3570.5000,19480
2021-12-15,TCS.BSE,3610.0000,3569.6001,3622.7000,3558.6001,70817
2021-12-14,TCS.BSE,3601.0000,3622.8000,3634.3999,3576.1499,87750
2021-12-13,TCS.BSE,3647.0000,3610.1001,3660.0000,3603.0000,52114
2021-12-10,TCS.BSE,3585.0000,3636.5500,3640.8501,3575.1001,78298
2021-12-09,TCS.BSE,3613.0000,3603.6001,3632.3999,3567.0000,77990
2021-12-08,TCS.BSE,3625.0000,3626.5000,3645.0000,3602.6001,263196
2021-12-07,TCS.BSE,3567.8999,3584.7000,3597.1499,3525.6001,24002
2021-12-06,TCS.BSE,3642.0000,3534.3501,3656.8501,3521.5000,51174
2021-12-03,TCS.BSE,3643.0000,3639.6499,3665.9500,3630.7500,76061
2021-12-02,TCS.BSE,3585.0000,3641.1499,3648.0000,3573.2000,188193
2021-12-01,TCS.BSE,3535.1499,3578.1499,3589.3501,3535.1499,159108
2021-11-30,TCS.BSE,3500.0000,3532.0000,3563.0000,3494.8501,131810
2021-11-29,TCS.BSE,3445.6499,3500.7000,3530.0000,3407.5500,85268
2021-11-26,TCS.BSE,3440.0000,3445.6499,3486.0000,3414.6499,80166
2021-11-25,TCS.BSE,3462.0000,3445.5000,3462.0000,3434.0000,56004
2021-11-24,TCS.BSE,3478.0000,3443.5500,3493.5500,3431.0000,47809
2021-11-23,TCS.BSE,3445.0000,3463.7000,3483.3999,3408.0500,91067
2021-11-22,TCS.BSE,3480.0000,3461.2500,3516.0000,3441.0000,53969
2021-11-18,TCS.BSE,3512.0500,3475.6499,3521.3999,3452.0000,134098
2021-11-17,TCS.BSE,3559.0000,3523.9500,3562.3501,3513.8000,46814
2021-11-16,TCS.BSE,3563.0000,3555.1499,3575.0000,3541.2500,93911
2021-11-15,TCS.BSE,3534.8000,3553.8999,3569.5000,3531.0000,56987
2021-11-12,TCS.BSE,3500.0000,3524.5000,3535.1001,3486.0500,144937
2021-11-11,TCS.BSE,3482.0000,3488.1001,3508.7500,3436.0000,95676
2021-11-10,TCS.BSE,3500.0000,3484.3501,3519.3999,3481.3501,53691
2021-11-09,TCS.BSE,3504.0000,3504.5000,3534.8999,3497.6001,83427
2021-11-08,TCS.BSE,3539.0000,3502.6001,3539.0000,3481.2500,129083
2021-11-04,TCS.BSE,3515.0000,3509.0500,3515.1001,3505.7000,33702
2021-11-03,TCS.BSE,3508.0000,3492.5500,3519.9500,3466.5000,39055
2021-11-02,TCS.BSE,3495.0000,3483.7500,3513.9500,3466.1001,185781
2021-11-01,TCS.BSE,3438.0000,3477.3000,3489.0000,3412.6499,89540
2021-10-29,TCS.BSE,3410.0000,3398.8000,3459.8000,3386.0000,178291
2021-10-28,TCS.BSE,3515.0000,3424.3501,3515.0500,3416.0000,60853
2021-10-27,TCS.BSE,3497.7000,3488.9500,3511.8999,3481.7000,116096
2021-10-26,TCS.BSE,3499.0000,3483.0500,3529.1499,3475.0000,59363
2021-10-25,TCS.BSE,3500.0500,3492.5000,3515.0000,3450.0000,121831
2021-10-22,TCS.BSE,3564.0000,3500.0500,3564.0000,3485.0000,135071
2021-10-21,TCS.BSE,3618.0000,3533.3999,3618.0000,3512.1001,89945
2021-10-20,TCS.BSE,3615.1001,3607.8501,3629.5000,3578.2000,1033300
2021-10-19,TCS.BSE,3670.0000,3634.6001,3690.3000,3625.0000,212142
2021-10-18,TCS.BSE,3612.0000,3647.3999,3653.0000,3607.0500,123363
2021-10-14,TCS.BSE,3650.0000,3611.3000,3671.0000,3608.3999,330478
2021-10-13,TCS.BSE,3661.1001,3656.0500,3675.0000,3645.0500,184950
2021-10-12,TCS.BSE,3709.0000,3653.8999,3709.0000,3631.3501,266211
2021-10-11,TCS.BSE,3797.0000,3686.5000,3797.0000,3660.0000,1280463
2021-10-08,TCS.BSE,3935.0000,3935.3000,3990.0000,3898.9500,97634
2021-10-07,TCS.BSE,3822.0000,3892.6001,3899.6499,3821.3000,47233
2021-10-06,TCS.BSE,3844.0000,3809.8999,3858.0000,3795.0000,60822
2021-10-05,TCS.BSE,3765.0000,3833.7000,3840.0000,3742.6001,108583
2021-10-04,TCS.BSE,3728.0000,3771.1001,3782.7500,3708.0500,92760
2021-10-01,TCS.BSE,3779.0000,3729.3000,3811.0000,3725.0000,97631
2021-09-30,TCS.BSE,3811.0000,3774.5000,3811.0000,3750.7500,39114
2021-09-29,TCS.BSE,3750.0000,3791.6001,3805.4500,3723.1001,90622
2021-09-28,TCS.BSE,3854.0000,3779.0000,3854.0000,3752.7000,101477
2021-09-27,TCS.BSE,3891.1499,3836.9500,3904.0000,3804.0000,59914
2021-09-24,TCS.BSE,3889.0000,3871.3000,3944.5000,3856.0000,49192
2021-09-23,TCS.BSE,3889.0000,3868.7000,3889.0000,3835.6499,947615
2021-09-22,TCS.BSE,3861.0000,3862.5000,3896.9500,3852.3000,141321
2021-09-21,TCS.BSE,3845.5000,3864.9500,3870.3000,3823.0000,48497
2021-09-20,TCS.BSE,3819.0000,3823.3501,3871.5000,3811.0000,65057
2021-09-17,TCS.BSE,3930.0000,3830.4500,3944.3999,3806.8999,109563
2021-09-16,TCS.BSE,3938.0000,3902.5000,3981.5500,3891.9500,117036
2021-09-15,TCS.BSE,3889.9500,3954.8000,3980.0000,3866.4500,130664
2021-09-14,TCS.BSE,3849.5000,3885.1499,3895.6001,3828.6499,31541
2021-09-13,TCS.BSE,3761.0000,3843.8999,3851.8999,3761.0000,82516
2021-09-09,TCS.BSE,3799.0000,3791.7500,3809.7000,3765.1499,38234
2021-09-08,TCS.BSE,3815.0000,3774.1001,3815.0000,3756.0000,53706
2021-09-07,TCS.BSE,3858.0000,3814.7500,3871.0000,3809.0500,33828
2021-09-06,TCS.BSE,3847.0000,3851.0500,3876.0000,3815.0000,42444
2021-09-03,TCS.BSE,3836.0000,3841.3501,3857.3999,3804.0000,73148
2021-09-02,TCS.BSE,3736.0000,3837.9500,3858.0000,3724.6001,68034
2021-09-01,TCS.BSE,3790.0000,3714.0500,3815.7500,3706.0000,290870
2021-08-31,TCS.BSE,3703.0000,3786.5500,3802.9500,3703.0000,248659
2021-08-30,TCS.BSE,3718.0000,3701.3999,3740.0000,3687.6001,69850
2021-08-27,TCS.BSE,3657.9500,3720.1499,3729.0000,3651.1001,80952
2021-08-26,TCS.BSE,3668.8999,3671.0500,3687.1001,3649.0000,94445
2021-08-25,TCS.BSE,3612.8000,3659.5000,3697.0000,3608.9500,70032
2021-08-24,TCS.BSE,3653.0000,3612.2000,3668.7500,3595.8501,59758
2021-08-23,TCS.BSE,3570.0000,3635.8501,3672.5000,3562.9500,127876
2021-08-20,TCS.BSE,3524.0000,3557.4500,3573.1001,3503.6001,55131
2021-08-18,TCS.BSE,3555.0000,3558.5000,3594.6001,3537.0000,69366
2021-08-17,TCS.BSE,3484.4500,3552.3999,3560.2500,3464.0000,160065
2021-08-16,TCS.BSE,3461.8999,3471.7500,3492.5000,3437.0000,62836
2021-08-13,TCS.BSE,3353.0000,3461.8999,3479.3501,3353.0000,301314
2021-08-12,TCS.BSE,3346.0000,3353.9500,3367.5500,3332.1499,73888
2021-08-11,TCS.BSE,3350.0000,3340.5500,3359.8501,3327.3000,67042
2021-08-10,TCS.BSE,3322.3999,3333.2500,3349.2000,3315.0000,90574
2021-08-09,TCS.BSE,3315.8501,3322.3999,3336.5500,3310.0000,86883
2021-08-06,TCS.BSE,3275.0000,3310.1499,3323.8000,3265.0000,167196
2021-08-05,TCS.BSE,3274.0000,3285.1499,3315.0000,3264.9500,63832
2021-08-04,TCS.BSE,3302.5000,3273.4500,3305.0000,3261.6499,126809
2021-08-03,TCS.BSE,3220.0000,3284.1499,3289.9500,3220.0000,166466
2021-08-02,TCS.BSE,3173.5500,3217.8999,3224.6499,3166.0500,134570
2021-07-30,TCS.BSE,3209.0000,3167.5000,3221.6499,3162.0000,52954
2021-07-29,TCS.BSE,3208.8000,3196.6001,3226.0000,3191.0000,44904
2021-07-28,TCS.BSE,3196.0000,3197.5000,3203.3000,3133.2000,97773
2021-07-27,TCS.BSE,3204.0000,3183.0500,3209.5000,3161.0000,63248
2021-07-26,TCS.BSE,3210.0000,3199.3501,3224.0000,3191.0000,49985
2021-07-23,TCS.BSE,3225.0000,3212.0500,3240.8999,3206.3000,103816
2021-07-22,TCS.BSE,3189.0000,3216.5500,3224.8501,3189.0000,85259
2021-07-20,TCS.BSE,3184.0000,3205.3000,3214.8501,3156.0000,114292
2021-07-19,TCS.BSE,3188.0000,3184.3999,3200.0000,3175.0000,433962
2021-07-16,TCS.BSE,3217.5000,3194.6499,3219.0000,3190.0000,71188
2021-07-15,TCS.BSE,3233.0000,3201.5000,3233.0000,3194.8999,87671
2021-07-14,TCS.BSE,3181.0000,3213.8501,3220.9500,3181.0000,372510
2021-07-13,TCS.BSE,3215.0000,3187.8999,3215.6001,3175.4500,51763
2021-07-12,TCS.BSE,3235.0000,3192.9500,3238.8999,3188.9500,496574
2021-07-09,TCS.BSE,3260.0000,3207.7500,3281.0000,3200.0000,232383
2021-07-08,TCS.BSE,3295.0000,3257.1001,3296.9500,3232.3000,98504
2021-07-07,TCS.BSE,3283.0000,3275.3000,3283.4500,3242.0000,106869
2021-07-06,TCS.BSE,3315.0000,3262.3501,3329.1001,3256.1001,177251
2021-07-05,TCS.BSE,3337.0000,3321.5500,3373.8999,3303.4500,75811
2021-07-02,TCS.BSE,3338.0000,3325.5500,3338.0000,3296.0500,51771
2021-07-01,TCS.BSE,3359.0000,3341.0000,3362.9500,3333.0000,25777
2021-06-30,TCS.BSE,3338.9500,3345.2500,3382.0000,3338.9500,34105
2021-06-29,TCS.BSE,3348.7000,3339.6001,3366.0000,3327.0000,52691
2021-06-28,TCS.BSE,3396.0000,3335.6001,3396.0000,3332.4500,43234
2021-06-25,TCS.BSE,3390.0000,3380.7000,3399.0000,3351.0000,206177
2021-06-24,TCS.BSE,3282.0000,3373.6001,3382.0000,3272.6001,214740
2021-06-23,TCS.BSE,3325.0000,3262.1001,3325.0000,3256.6001,506938
2021-06-22,TCS.BSE,3319.0000,3300.6499,3327.0000,3287.4500,47420
2021-06-21,TCS.BSE,3278.0000,3272.4500,3285.9500,3253.0000,1452171
2021-06-18,TCS.BSE,3350.0000,3297.0000,3357.8501,3275.0000,132596
2021-06-17,TCS.BSE,3260.0000,3320.1001,3335.0500,3260.0000,106664
2021-06-16,TCS.BSE,3265.0000,3276.3501,3294.3000,3253.1499,166257
2021-06-15,TCS.BSE,3300.0000,3262.4500,3300.0000,3251.5500,567462
2021-06-14,TCS.BSE,3290.0000,3276.3501,3307.6001,3270.0500,61546
2021-06-11,TCS.BSE,3215.0000,3271.7000,3309.0000,3213.0000,110175
2021-06-10,TCS.BSE,3210.0000,3216.0500,3225.0000,3192.6001,40366
2021-06-09,TCS.BSE,3202.0000,3199.5000,3220.8000,3187.8000,88982
2021-06-08,TCS.BSE,3200.0000,3200.5000,3231.5500,3190.2000,65874
2021-06-07,TCS.BSE,3155.0000,3181.8000,3189.9500,3134.0000,38418
2021-06-04,TCS.BSE,3130.0000,3143.1499,3156.9500,3125.1001,60938
2021-06-03,TCS.BSE,3150.0000,3141.4500,3154.9500,3122.3999,42074
2021-06-02,TCS.BSE,3154.0000,3129.3000,3155.7000,3116.1499,69364
2021-06-01,TCS.BSE,3170.0000,3153.3999,3170.0000,3132.0000,39525
2021-05-31,TCS.BSE,3150.0000,3158.9500,3170.0000,3129.0000,81654
2021-05-28,TCS.BSE,3190.0000,3144.1001,3197.6499,3137.0000,90237
2021-05-27,TCS.BSE,3165.3999,3180.2000,3218.0000,3162.9500,89498
2021-05-26,TCS.BSE,3123.0000,3158.2000,3165.0000,3104.7500,63167
2021-05-25,TCS.BSE,3094.0000,3113.9500,3127.0000,3082.8501,89880
2021-05-24,TCS.BSE,3080.5500,3081.8501,3105.0000,3075.0000,34002
2021-05-21,TCS.BSE,3065.0000,3080.3999,3087.8999,3055.3501,25700
2021-05-20,TCS.BSE,3074.0000,3060.0000,3087.5500,3053.0000,44081
2021-05-19,TCS.BSE,3080.0000,3081.9500,3118.0000,3066.0500,63943
2021-05-18,TCS.BSE,3095.0000,3089.3501,3123.0000,3078.7000,71234
2021-05-17,TCS.BSE,3060.0000,3069.8000,3077.0000,3035.6499,101499
2021-05-14,TCS.BSE,3100.0000,3050.7500,3100.0000,3040.5500,78135
2021-05-12,TCS.BSE,3139.0000,3088.5000,3139.0000,3070.5000,65098
2021-05-11,TCS.BSE,3130.0000,3123.2000,3130.0000,3092.2000,42943
2021-05-10,TCS.BSE,3140.0000,3145.1499,3164.0000,3126.0000,36150
2021-05-07,TCS.BSE,3130.0000,3132.0000,3160.0000,3112.1499,90326
2021-05-06,TCS.BSE,3108.0000,3111.3000,3134.2500,3074.0000,197177
2021-05-05,TCS.BSE,3077.8000,3096.3501,3100.0000,3053.7000,40810
2021-05-04,TCS.BSE,3060.0000,3048.9500,3090.0000,3035.2000,71115
2021-05-03,TCS.BSE,3034.7000,3037.0000,3057.0000,3004.8000,110455
2021-04-30,TCS.BSE,3111.0000,3038.3999,3132.7000,3021.0000,69616
2021-04-29,TCS.BSE,3142.0000,3113.2000,3156.3000,3105.3999,62825
2021-04-28,TCS.BSE,3143.0000,3123.8000,3150.5000,3112.0000,39238
2021-04-27,TCS.BSE,3103.0000,3131.6001,3135.1001,3103.0000,43362
2021-04-26,TCS.BSE,3109.8000,3101.1001,3151.9500,3088.1001,96633
2021-04-23,TCS.BSE,3105.0000,3109.8000,3119.7500,3092.0000,67236
2021-04-22,TCS.BSE,3146.1499,3119.1001,3149.7000,3105.5000,199595
2021-04-20,TCS.BSE,3215.0000,3144.1001,3220.0000,3127.0000,108317
2021-04-19,TCS.BSE,3193.3000,3163.1001,3193.3000,3135.2000,56293
2021-04-16,TCS.BSE,3228.9500,3193.3000,3246.2500,3182.0000,106603
2021-04-15,TCS.BSE,3145.0000,3218.9500,3240.5500,3086.2000,673685
2021-04-13,TCS.BSE,3230.0000,3105.0000,3230.0000,3074.5500,247729
2021-04-12,TCS.BSE,3330.0000,3241.4500,3343.8999,3217.7500,149202
2021-04-09,TCS.BSE,3350.0000,3322.2000,3358.8000,3308.7500,98999
2021-04-08,TCS.BSE,3267.3501,3316.5000,3334.8501,3267.3501,73583
2021-04-07,TCS.BSE,3262.0000,3270.7500,3277.9500,3235.1001,68444
2021-04-06,TCS.BSE,3278.0000,3263.8501,3278.0000,3229.8999,105514
2021-04-05,TCS.BSE,3171.0000,3239.3000,3262.5500,3151.2500,1005721
2021-04-01,TCS.BSE,3190.0000,3165.8999,3215.7000,3146.0000,105274
2021-03-31,TCS.BSE,3155.0000,3177.6001,3205.0000,3131.6499,192113
2021-03-30,TCS.BSE,3080.0000,3159.9500,3188.0000,3059.8501,216943
2021-03-26,TCS.BSE,3083.0000,3068.1499,3118.0000,3044.0000,112808
2021-03-25,TCS.BSE,3120.9500,3068.0500,3129.7000,3051.0000,50991
2021-03-24,TCS.BSE,3125.0000,3120.9500,3151.7000,3111.5000,49838
2021-03-23,TCS.BSE,3139.7500,3142.0500,3168.5000,3124.0000,64888
2021-03-22,TCS.BSE,3060.0000,3129.6001,3139.0000,3018.0500,136270
2021-03-19,TCS.BSE,3032.0000,3063.2500,3098.0000,3004.4500,202074
2021-03-18,TCS.BSE,3122.0000,3036.8000,3145.0000,2986.3000,94103
2021-03-17,TCS.BSE,3108.0000,3112.7000,3156.7500,3086.0000,263394
2021-03-16,TCS.BSE,3064.8501,3108.7000,3139.8999,3063.0000,294600
2021-03-15,TCS.BSE,3054.0000,3066.3501,3098.8999,3043.0000,53492
2021-03-12,TCS.BSE,3075.0000,3056.8999,3115.6499,3042.0500,133299
2021-03-10,TCS.BSE,3080.2000,3071.9500,3092.0000,3060.1001,83120
2021-03-09,TCS.BSE,3008.0500,3049.9500,3066.8999,2993.0000,85833
2021-03-08,TCS.BSE,3039.0000,3007.2000,3039.0000,2996.0000,39194
2021-03-05,TCS.BSE,3020.0000,3007.0000,3063.4500,2997.3501,63785
2021-03-04,TCS.BSE,3030.0000,3047.7000,3081.5500,3019.8999,371283
2021-03-03,TCS.BSE,3030.0000,3058.6499,3063.4500,2996.5000,206125
2021-03-02,TCS.BSE,2970.0000,3010.5500,3025.3999,2946.1499,168724
2021-03-01,TCS.BSE,2930.0000,2926.2000,2964.9500,2900.0000,210795
2021-02-26,TCS.BSE,2968.5000,2896.0500,2971.8999,2881.3501,202274
2021-02-25,TCS.BSE,2980.0000,2992.8999,3029.4500,2969.1001,497914
2021-02-24,TCS.BSE,2980.2000,2951.3999,3002.2500,2701.0000,720041
2021-02-23,TCS.BSE,2971.6001,2980.0000,3027.8999,2970.0000,140264
2021-02-22,TCS.BSE,3090.0000,2958.7500,3090.0000,2945.5000,233886
2021-02-19,TCS.BSE,3057.5500,3072.1001,3085.8501,3017.5500,129152
2021-02-18,TCS.BSE,3073.0000,3057.5500,3098.7500,3032.0000,175502
2021-02-17,TCS.BSE,3109.0000,3073.5000,3131.9500,3047.0000,140215
2021-02-16,TCS.BSE,3158.8999,3109.3000,3166.2500,3100.2500,136791
2021-02-15,TCS.BSE,3206.0000,3139.9500,3206.0000,3131.0000,104489
2021-02-12,TCS.BSE,3197.0000,3191.1499,3245.8000,3183.3999,64320
2021-02-11,TCS.BSE,3223.0000,3205.8501,3223.0000,3186.0000,38475
2021-02-10,TCS.BSE,3177.0000,3210.9500,3219.3000,3158.9500,61444
2021-02-09,TCS.BSE,3200.0000,3175.8000,3245.1499,3165.0500,123700
2021-02-08,TCS.BSE,3185.2000,3215.1499,3224.9500,3155.5000,132081
2021-02-05,TCS.BSE,3191.1001,3158.0500,3200.0000,3129.5000,69573
2021-02-04,TCS.BSE,3206.0000,3187.3000,3233.9500,3177.0000,434127
2021-02-03,TCS.BSE,3207.0000,3199.1001,3235.1499,3164.6001,101798
2021-02-02,TCS.BSE,3161.0000,3203.0000,3224.5500,3154.5000,115905
2021-02-01,TCS.BSE,3104.0000,3140.7000,3165.0000,3045.1001,158508
2021-01-29,TCS.BSE,3206.0000,3112.8999,3215.0000,3100.5000,96018
2021-01-28,TCS.BSE,3240.0000,3199.4500,3272.7000,3183.9500,555279
2021-01-27,TCS.BSE,3300.0000,3261.0500,3305.3000,3227.1499,586936
2021-01-25,TCS.BSE,3295.0000,3290.2000,3345.2500,3277.7000,107916
2021-01-22,TCS.BSE,3249.1001,3303.3999,3323.8999,3249.0500,316515
2021-01-21,TCS.BSE,3308.0000,3274.8000,3310.0000,3262.0000,85349
2021-01-20,TCS.BSE,3265.0000,3308.2000,3327.0000,3265.0000,1574806
2021-01-19,TCS.BSE,3229.0000,3265.1499,3279.0000,3229.0000,94206
2021-01-18,TCS.BSE,3249.0000,3220.8000,3255.5000,3186.6001,167704
2021-01-15,TCS.BSE,3244.3501,3233.6001,3273.8501,3210.1001,162323
2021-01-14,TCS.BSE,3164.0000,3250.1499,3267.0000,3120.0000,531550
2021-01-13,TCS.BSE,3179.9500,3158.8000,3179.9500,3127.1001,653157
2021-01-12,TCS.BSE,3179.9500,3172.8501,3208.1001,3150.9500,132445
2021-01-11,TCS.BSE,3215.0000,3175.0500,3224.0000,3147.4500,253600
2021-01-08,TCS.BSE,3085.2000,3120.3501,3127.5500,3061.8000,210057
2021-01-07,TCS.BSE,3075.0000,3032.7000,3079.8000,3001.0000,160557
2021-01-06,TCS.BSE,3102.1499,3052.9500,3114.4500,3037.8000,118089
2021-01-05,TCS.BSE,3044.1001,3092.3000,3112.7500,3040.0000,188379
2021-01-04,TCS.BSE,2950.0000,3039.2500,3050.0000,2942.0000,208783
2021-01-01,TCS.BSE,2879.0000,2928.2000,2939.8999,2877.3000,152353
2020-12-31,TCS.BSE,2902.0000,2870.2000,2906.0500,2845.0000,834286
2020-12-30,TCS.BSE,2937.0000,2908.8501,2947.0000,2904.0000,175469
2020-12-29,TCS.BSE,2928.2500,2930.6499,2951.8999,2924.2000,47486
2020-12-28,TCS.BSE,2912.8501,2928.2500,2949.8999,2902.3000,80008
2020-12-24,TCS.BSE,2914.8501,2908.4500,2921.9500,2884.0000,63577
2020-12-23,TCS.BSE,2889.0000,2907.2000,2918.0000,2866.0500,84950
2020-12-22,TCS.BSE,2830.0000,2870.8000,2883.1001,2819.0000,90096
2020-12-21,TCS.BSE,2865.0000,2818.7500,2888.5500,2782.8999,181011
2020-12-18,TCS.BSE,2861.0000,2862.6001,2898.0000,2847.0000,155614
2020-12-17,TCS.BSE,2813.9500,2837.8999,2849.0000,2805.5500,74645
2020-12-16,TCS.BSE,2775.0000,2813.2500,2819.7500,2761.2000,71532
2020-12-15,TCS.BSE,2790.0000,2761.2000,2795.0000,2756.0000,108436
2020-12-14,TCS.BSE,2800.1001,2796.5000,2806.2000,2757.0000,57915
2020-12-11,TCS.BSE,2795.0000,2783.4500,2807.0000,2765.0000,55137
2020-12-10,TCS.BSE,2820.0000,2784.1499,2824.6499,2780.1499,50596
2020-12-09,TCS.BSE,2818.0000,2809.8000,2840.0000,2793.8501,108846
2020-12-08,TCS.BSE,2745.0000,2796.3999,2804.8501,2733.0000,97986
2020-12-07,TCS.BSE,2719.0000,2736.0000,2743.0000,2706.3000,44595
2020-12-04,TCS.BSE,2706.0000,2726.0000,2738.0500,2700.0000,67094
2020-12-03,TCS.BSE,2768.5500,2708.4500,2768.8000,2702.3000,392788
2020-12-02,TCS.BSE,2720.0000,2749.1499,2753.7000,2702.2500,103473
2020-12-01,TCS.BSE,2680.0000,2726.9500,2735.0000,2625.1001,90136
2020-11-27,TCS.BSE,2700.0000,2679.1499,2717.9500,2670.0000,110671
2020-11-26,TCS.BSE,2686.6499,2720.8501,2729.9500,2681.0000,60434
2020-11-25,TCS.BSE,2727.0000,2700.7000,2730.0000,2688.3999,198420
2020-11-24,TCS.BSE,2738.0000,2722.1001,2743.0000,2705.0000,103065
2020-11-23,TCS.BSE,2685.0000,2724.0000,2730.0000,2666.0000,129100
2020-11-20,TCS.BSE,2655.0000,2659.6001,2675.0000,2628.2500,146090
2020-11-19,TCS.BSE,2630.0000,2637.0500,2678.6001,2630.0000,114908
2020-11-18,TCS.BSE,2665.0000,2625.8999,2665.0000,2608.0500,139122
2020-11-17,TCS.BSE,2685.0000,2666.2000,2690.0000,2650.3501,87495
2020-11-14,TCS.BSE,2680.0000,2670.7000,2680.0000,2660.0500,23415
2020-11-13,TCS.BSE,2656.0000,2657.3000,2663.9500,2636.4500,436036
2020-11-12,TCS.BSE,2687.0000,2670.7000,2711.6499,2662.5500,75051
2020-11-11,TCS.BSE,2645.3000,2688.5500,2691.8501,2644.2500,179045
2020-11-10,TCS.BSE,2725.0000,2649.9500,2725.0000,2640.0000,182867
2020-11-09,TCS.BSE,2738.2500,2725.8999,2743.8000,2695.0500,124207
2020-11-06,TCS.BSE,2695.0000,2708.2500,2713.3501,2681.7000,86947
2020-11-05,TCS.BSE,2681.0000,2687.2500,2709.7500,2667.3999,114531
2020-11-04,TCS.BSE,2625.0000,2653.2500,2720.4500,2615.0000,129239
2020-11-03,TCS.BSE,2604.7000,2632.6499,2664.7500,2602.0000,66138
2020-11-02,TCS.BSE,2665.0000,2603.8501,2665.0000,2600.0000,106105
2020-10-30,TCS.BSE,2639.0000,2664.8501,2673.9500,2621.6499,77960
2020-10-29,TCS.BSE,2605.0000,2633.7000,2654.4500,2601.0000,86748
2020-10-28,TCS.BSE,2653.0000,2621.7500,2656.3501,2607.2000,471923
2020-10-27,TCS.BSE,2696.8501,2631.4500,2717.0000,2625.0000,86794
2020-10-26,TCS.BSE,2695.0000,2687.6499,2709.8000,2671.7000,72725
2020-10-23,TCS.BSE,2684.0000,2686.4500,2706.0500,2670.5500,69850
2020-10-22,TCS.BSE,2666.8000,2670.8000,2687.2500,2638.5500,151372
2020-10-21,TCS.BSE,2739.0000,2675.4500,2749.6001,2663.1001,109319
2020-10-20,TCS.BSE,2722.0000,2738.3999,2760.0000,2720.0000,56441
2020-10-19,TCS.BSE,2777.0000,2711.4500,2777.0000,2706.6001,90310
2020-10-16,TCS.BSE,2751.0000,2762.5000,2771.2000,2733.4500,64823
2020-10-15,TCS.BSE,2810.1001,2738.7000,2827.0000,2727.0000,589029
2020-10-14,TCS.BSE,2840.1499,2809.8000,2840.1499,2788.9500,86667
2020-10-13,TCS.BSE,2845.0000,2825.6499,2855.0000,2813.2500,149828
2020-10-12,TCS.BSE,2818.8999,2831.2000,2853.6499,2802.0000,191337
2020-10-09,TCS.BSE,2823.0000,2814.9500,2828.7500,2781.0000,186388
2020-10-08,TCS.BSE,2825.0000,2824.8000,2885.0000,2800.0000,692625
2020-10-07,TCS.BSE,2738.0000,2737.3999,2769.0000,2703.0000,277896
2020-10-06,TCS.BSE,2736.0000,2716.1499,2736.0000,2649.3501,330035
2020-10-05,TCS.BSE,2610.0000,2706.8501,2727.0000,2604.0000,473381
2020-10-01,TCS.BSE,2509.8000,2522.7500,2539.0000,2492.0000,55334
2020-09-30,TCS.BSE,2495.0000,2491.5000,2505.0500,2459.2500,438317
2020-09-29,TCS.BSE,2439.0000,2487.2500,2512.0000,2434.0000,192086
2020-09-28,TCS.BSE,2435.0000,2425.3501,2442.8000,2365.8501,158816
2020-09-25,TCS.BSE,2370.0000,2422.3000,2439.8000,2350.0500,236610
2020-09-24,TCS.BSE,2450.0000,2331.5000,2450.0000,2302.5000,189137
2020-09-23,TCS.BSE,2510.0000,2467.1499,2517.0000,2410.0000,238132
2020-09-22,TCS.BSE,2484.8000,2523.5500,2554.0000,2458.4500,264321
2020-09-21,TCS.BSE,2460.0000,2464.6001,2505.0000,2453.6001,127699
2020-09-18,TCS.BSE,2480.0000,2450.7500,2501.0000,2435.7500,57975
2020-09-17,TCS.BSE,2487.0000,2460.0500,2495.0000,2452.6001,83371
2020-09-16,TCS.BSE,2490.0000,2502.6499,2507.1001,2478.5000,100286
2020-09-15,TCS.BSE,2487.5000,2490.2500,2538.0000,2459.8999,437465
2020-09-14,TCS.BSE,2377.0000,2492.3000,2504.2000,2377.0000,191774
2020-09-11,TCS.BSE,2348.0000,2373.7000,2382.6499,2331.0000,174945
2020-09-10,TCS.BSE,2329.0000,2331.6001,2348.8999,2324.8501,79509
2020-09-09,TCS.BSE,2325.0000,2323.7500,2359.1499,2320.0000,101324
2020-09-08,TCS.BSE,2330.5000,2348.9500,2389.5000,2326.6001,251949
2020-09-07,TCS.BSE,2288.0000,2327.3999,2342.0000,2283.0000,182399
2020-09-04,TCS.BSE,2242.0000,2289.7500,2323.5000,2242.0000,153313
2020-09-03,TCS.BSE,2265.1001,2299.5500,2323.8000,2265.1001,109805
2020-09-02,TCS.BSE,2249.0000,2264.8000,2268.3501,2242.0000,408776
2020-09-01,TCS.BSE,2265.0000,2245.3000,2278.1001,2241.5000,54703
2020-08-31,TCS.BSE,2241.0000,2256.3501,2275.8501,2228.3000,121315
2020-08-28,TCS.BSE,2265.0000,2237.1001,2280.0000,2234.5000,75463
2020-08-27,TCS.BSE,2261.0500,2247.8999,2287.0000,2242.3501,134823
2020-08-26,TCS.BSE,2245.0000,2254.6499,2260.0000,2217.0500,76925
2020-08-25,TCS.BSE,2250.0000,2242.2500,2250.0000,2235.0000,44505
2020-08-24,TCS.BSE,2248.0000,2247.9500,2259.1499,2230.0000,69290
2020-08-21,TCS.BSE,2254.0000,2248.2000,2270.3000,2242.0000,54539
2020-08-20,TCS.BSE,2257.0000,2252.0000,2276.0000,2240.0000,137977
2020-08-19,TCS.BSE,2273.8999,2256.2500,2283.9500,2253.0000,70011
2020-08-18,TCS.BSE,2264.8000,2269.3999,2288.5000,2250.0000,63828
2020-08-17,TCS.BSE,2255.0000,2252.0500,2268.8501,2239.0000,98833
2020-08-14,TCS.BSE,2274.3999,2242.4500,2281.2500,2233.1499,98443
2020-08-13,TCS.BSE,2277.5000,2255.5000,2299.4500,2250.5000,64899
2020-08-12,TCS.BSE,2281.0000,2256.7000,2303.5000,2247.2000,98143
2020-08-11,TCS.BSE,2285.0000,2279.2500,2312.3999,2276.1001,53937
2020-08-10,TCS.BSE,2310.0000,2281.6001,2324.3501,2275.6499,50885
2020-08-07,TCS.BSE,2318.8999,2294.9500,2327.0000,2287.8000,149776
2020-08-06,TCS.BSE,2271.1001,2307.7000,2317.7500,2264.3501,136621
2020-08-05,TCS.BSE,2264.9500,2258.8000,2299.9500,2253.3000,227082
2020-08-04,TCS.BSE,2260.0000,2249.1499,2269.3000,2226.0000,98064
2020-08-03,TCS.BSE,2299.0000,2251.3000,2302.4500,2232.0000,216125
2020-07-31,TCS.BSE,2300.5000,2282.4500,2335.0000,2258.5000,115665
2020-07-30,TCS.BSE,2292.0000,2277.9500,2357.1499,2273.6499,209369
2020-07-29,TCS.BSE,2292.0000,2275.0500,2342.0000,2247.0000,173540
2020-07-28,TCS.BSE,2214.0000,2309.2000,2320.0000,2214.0000,345610
2020-07-27,TCS.BSE,2160.0000,2205.8000,2215.0000,2160.0000,110937
2020-07-24,TCS.BSE,2158.8000,2157.0500,2162.1001,2125.8501,106972
2020-07-23,TCS.BSE,2190.0000,2170.7500,2191.0000,2162.4500,63185
2020-07-22,TCS.BSE,2232.3000,2189.9500,2237.0000,2185.0000,128289
2020-07-21,TCS.BSE,2227.0000,2225.6001,2240.7000,2202.0000,133461
2020-07-20,TCS.BSE,2200.0000,2209.7500,2226.0000,2191.2000,108192
2020-07-17,TCS.BSE,2255.0000,2201.3501,2255.0000,2190.1001,167683
2020-07-16,TCS.BSE,2264.0000,2233.6499,2332.0000,2220.9500,260133
2020-07-15,TCS.BSE,2183.0000,2233.5500,2259.1499,2183.0000,141346
2020-07-14,TCS.BSE,2217.0000,2171.7000,2237.4500,2166.3000,105794
2020-07-13,TCS.BSE,2225.0000,2219.5500,2244.5000,2210.7500,91299
2020-07-10,TCS.BSE,2200.0000,2221.6499,2249.1499,2177.2500,259682
2020-07-09,TCS.BSE,2225.0000,2204.3501,2244.6499,2192.6001,119208
2020-07-08,TCS.BSE,2275.0000,2217.6499,2275.0000,2209.8000,107819
2020-07-07,TCS.BSE,2269.0000,2269.9500,2301.8501,2232.7500,192542
2020-07-06,TCS.BSE,2208.7000,2263.1001,2269.0000,2206.2500,1248594
2020-07-03,TCS.BSE,2158.3501,2158.3501,2158.3501,2158.3501,0
2020-07-02,TCS.BSE,2096.1001,2158.3501,2165.0000,2096.1001,159176
2020-07-01,TCS.BSE,2085.0500,2092.5500,2113.6499,2081.5500,85048
2020-06-30,TCS.BSE,2090.0000,2082.2000,2111.0000,2075.8501,144796
2020-06-29,TCS.BSE,2114.0000,2101.8501,2127.0000,2091.8000,113144
2020-06-26,TCS.BSE,2025.0000,2115.6001,2129.8000,2020.0000,285133
2020-06-25,TCS.BSE,2027.2500,2010.9000,2059.7500,2008.0000,401416
2020-06-24,TCS.BSE,2037.0000,2042.3500,2064.0000,2033.7500,183408
2020-06-23,TCS.BSE,2017.0000,2035.4000,2043.8500,2010.0000,925309
2020-06-22,TCS.BSE,2045.0500,2028.3000,2050.0000,2020.0000,210773
2020-06-19,TCS.BSE,2036.8000,2036.8000,2036.8000,2036.8000,0
2020-06-18,TCS.BSE,2035.0500,2036.8000,2059.0000,2026.0000,107922
2020-06-17,TCS.BSE,2042.0000,2047.7500,2058.8999,2027.6500,1555595
2020-06-16,TCS.BSE,2061.0000,2044.9500,2072.5500,2031.0000,274912
2020-06-15,TCS.BSE,2040.0000,2030.0500,2058.0000,2000.6000,70028
2020-06-12,TCS.BSE,2009.0000,2038.7000,2049.0000,2009.0000,94325
2020-06-11,TCS.BSE,2102.0000,2067.8000,2103.7500,2062.5000,80173
2020-06-10,TCS.BSE,2073.0000,2108.3000,2132.0500,2073.0000,183320
2020-06-09,TCS.BSE,2068.8999,2073.3501,2096.8501,2061.1001,72244
2020-06-08,TCS.BSE,2073.0000,2071.3999,2095.0000,2062.6001,248364
2020-06-05,TCS.BSE,2093.8999,2048.1001,2094.9500,2040.9000,133484
2020-06-04,TCS.BSE,2045.3500,2093.8999,2100.0000,2045.3500,115956
2020-06-03,TCS.BSE,2047.1500,2045.3500,2064.0000,2019.6000,96580
2020-06-02,TCS.BSE,2054.8999,2046.9000,2081.0000,2040.0000,74927
2020-06-01,TCS.BSE,1995.0000,2044.6500,2060.0000,1982.0000,129607
2020-05-29,TCS.BSE,1995.0000,1971.5500,2002.3500,1962.9000,222964
2020-05-28,TCS.BSE,1996.7000,2005.2000,2013.0000,1971.2500,110455
2020-05-27,TCS.BSE,1956.1000,2005.1000,2010.0000,1941.2000,85566
2020-05-26,TCS.BSE,2020.0000,1943.3500,2022.0000,1925.0000,111751
2020-05-22,TCS.BSE,1973.0000,2018.9500,2030.0000,1966.0000,84400
2020-05-21,TCS.BSE,1952.8000,1991.5500,1997.0000,1942.0500,73577
2020-05-20,TCS.BSE,1945.2000,1952.4500,1963.1000,1932.8000,68859
2020-05-19,TCS.BSE,1869.5000,1948.2500,1965.8000,1869.5000,547420
2020-05-18,TCS.BSE,1901.0000,1944.8500,1949.4500,1873.6000,97858
2020-05-15,TCS.BSE,1908.0000,1893.3000,1919.0000,1867.0000,72171
2020-05-14,TCS.BSE,1922.0000,1900.8000,1922.4000,1892.0000,67890
2020-05-13,TCS.BSE,1999.0000,1949.4500,1999.0000,1926.3000,63153
2020-05-12,TCS.BSE,1928.0000,1948.9500,1957.2000,1911.3500,97123
2020-05-11,TCS.BSE,1920.0000,1935.3000,1952.1000,1909.8500,212252
2020-05-08,TCS.BSE,1945.0000,1893.5000,1945.0000,1887.0000,64653
2020-05-07,TCS.BSE,1917.0000,1891.2500,1934.7500,1886.3000,86388
2020-05-06,TCS.BSE,1935.0000,1904.2500,1953.3000,1895.0500,84763
2020-05-05,TCS.BSE,1960.0000,1931.5000,1976.0000,1926.1500,67646
2020-05-04,TCS.BSE,1960.0000,1929.1500,1965.0000,1914.0500,117290
2020-04-30,TCS.BSE,1963.0000,2014.8500,2030.0000,1943.0000,146238
2020-04-29,TCS.BSE,1872.3500,1905.2000,1911.3000,1851.0000,138273
2020-04-28,TCS.BSE,1866.5000,1859.4000,1867.0000,1833.0000,56291
2020-04-27,TCS.BSE,1830.1000,1837.3000,1875.0000,1825.9500,82109
2020-04-24,TCS.BSE,1840.1000,1818.3000,1851.6000,1807.5000,93384
2020-04-23,TCS.BSE,1786.0000,1876.9000,1891.7000,1768.0500,453645
2020-04-22,TCS.BSE,1746.0000,1771.2000,1789.1000,1720.3500,103696
2020-04-21,TCS.BSE,1775.0000,1737.2500,1794.0000,1728.7500,149222
2020-04-20,TCS.BSE,1827.0000,1818.8000,1829.0000,1803.0000,101688
2020-04-17,TCS.BSE,1800.0000,1806.8000,1851.8500,1752.8000,309427
2020-04-16,TCS.BSE,1701.0000,1715.6000,1762.9000,1677.6000,240124
2020-04-15,TCS.BSE,1770.0000,1734.4500,1812.2500,1728.9000,150148
2020-04-13,TCS.BSE,1769.8000,1758.4000,1786.0000,1747.0000,72307
2020-04-09,TCS.BSE,1745.0000,1765.9000,1778.4500,1733.0000,126479
2020-04-08,TCS.BSE,1760.0000,1705.6000,1805.0000,1701.0000,159832
2020-04-07,TCS.BSE,1703.3000,1775.0500,1785.0000,1703.3000,167673
2020-04-03,TCS.BSE,1731.3000,1654.4000,1740.0000,1650.0000,170043
2020-04-01,TCS.BSE,1830.0000,1709.5500,1834.0000,1702.2500,212968
2020-03-31,TCS.BSE,1826.0000,1823.0500,1856.0000,1780.0000,133416
2020-03-30,TCS.BSE,1769.0000,1776.1500,1907.0000,1763.3500,1324734
2020-03-27,TCS.BSE,1839.0000,1818.6000,1850.0000,1752.0000,197136
2020-03-26,TCS.BSE,1815.0000,1806.7000,1880.9000,1723.0000,143192
2020-03-25,TCS.BSE,1700.0000,1752.2000,1810.0000,1681.0000,104880
2020-03-24,TCS.BSE,1740.0000,1702.8500,1767.6000,1652.0500,156649
2020-03-23,TCS.BSE,1648.2000,1662.6500,1742.5500,1620.0000,173724
2020-03-20,TCS.BSE,1637.0000,1798.0000,1867.9500,1627.0000,330779
2020-03-19,TCS.BSE,1581.0000,1636.1000,1685.7500,1547.3000,244595
2020-03-18,TCS.BSE,1688.0000,1650.9500,1712.3500,1628.0000,204763
2020-03-17,TCS.BSE,1725.0000,1658.2000,1731.0000,1623.0000,239263
2020-03-16,TCS.BSE,1769.0000,1698.0500,1843.3500,1677.0000,225552
2020-03-13,TCS.BSE,1690.6500,1807.3000,1819.0000,1504.4000,364701
2020-03-12,TCS.BSE,1915.0000,1769.8500,1915.0000,1759.2000,519323
2020-03-11,TCS.BSE,1955.0000,1954.5500,1988.3500,1923.6000,461132
2020-03-09,TCS.BSE,2080.0000,1972.2000,2080.0500,1936.0000,196607
2020-03-06,TCS.BSE,2125.0000,2117.8999,2125.0000,2073.0000,55592
2020-03-05,TCS.BSE,2085.0000,2124.8999,2147.0000,2085.0000,73872
2020-03-04,TCS.BSE,2045.5000,2083.1499,2093.0000,2026.0000,83356
2020-03-03,TCS.BSE,2004.0000,2038.9000,2060.0000,2004.0000,68762
2020-03-02,TCS.BSE,2025.1000,1999.9000,2054.6001,1985.7000,103572
2020-02-28,TCS.BSE,2080.0000,2000.9500,2080.0000,1990.4000,135017
2020-02-27,TCS.BSE,2140.0000,2103.8999,2140.0000,2086.8501,83108
2020-02-26,TCS.BSE,2156.0000,2123.0500,2163.6001,2113.1001,51900
2020-02-25,TCS.BSE,2117.0000,2155.8999,2176.0000,2111.0500,52702
2020-02-24,TCS.BSE,2157.0000,2116.3000,2178.9500,2106.6499,80671
2020-02-20,TCS.BSE,2215.0000,2156.3000,2215.0000,2152.0500,186124
2020-02-19,TCS.BSE,2215.0000,2194.6001,2228.8501,2190.1001,58248
2020-02-18,TCS.BSE,2209.8999,2215.3000,2221.3501,2186.7500,96139
2020-02-17,TCS.BSE,2199.8999,2203.2500,2216.1499,2190.0000,77670
2020-02-14,TCS.BSE,2181.0000,2183.8000,2211.5500,2170.9500,58034
2020-02-13,TCS.BSE,2170.0000,2191.6001,2197.0000,2169.9500,73682
2020-02-12,TCS.BSE,2157.0000,2170.5000,2184.8000,2152.0000,75247
2020-02-11,TCS.BSE,2164.8999,2151.6499,2174.0000,2147.0000,48006
2020-02-10,TCS.BSE,2136.7000,2162.3501,2166.9500,2119.8000,72009
2020-02-07,TCS.BSE,2142.0000,2136.7000,2150.6001,2119.0000,73624
2020-02-06,TCS.BSE,2155.0000,2128.7000,2174.2500,2116.0000,541706
2020-02-05,TCS.BSE,2125.0000,2145.2500,2158.0000,2105.7500,115764
2020-02-04,TCS.BSE,2134.8999,2107.7000,2137.5500,2087.9500,116533
2020-02-03,TCS.BSE,2164.0000,2103.1499,2193.9500,2093.7500,162662
2020-01-31,TCS.BSE,2140.0000,2079.3000,2145.0000,2072.3999,116613
2020-01-30,TCS.BSE,2161.0000,2138.0500,2165.4500,2125.5000,78850
2020-01-29,TCS.BSE,2187.2500,2152.7000,2187.6001,2148.6499,179971
2020-01-28,TCS.BSE,2172.3000,2184.0500,2187.1499,2153.0000,158542
2020-01-27,TCS.BSE,2180.0000,2168.6499,2193.4500,2165.0000,69104
2020-01-24,TCS.BSE,2193.4500,2184.6001,2193.4500,2170.6001,84902
2020-01-23,TCS.BSE,2206.5000,2193.4500,2217.2000,2182.3999,125220
2020-01-22,TCS.BSE,2175.5000,2206.5000,2210.1001,2175.5000,90713
2020-01-21,TCS.BSE,2174.9500,2171.4500,2185.0000,2160.0000,43940
2020-01-20,TCS.BSE,2194.0000,2170.2500,2241.6499,2156.7000,214236
2020-01-17,TCS.BSE,2242.0000,2218.0500,2254.2000,2213.0500,71372
2020-01-16,TCS.BSE,2225.0000,2238.3999,2248.9500,2220.3999,61468
2020-01-15,TCS.BSE,2219.0000,2226.5500,2231.5500,2195.0000,52151
2020-01-14,TCS.BSE,2199.0000,2207.2000,2229.7500,2198.7500,121577
2020-01-13,TCS.BSE,2221.0000,2191.0000,2221.0000,2185.2000,109319
2020-01-10,TCS.BSE,2216.0000,2213.8501,2233.0000,2208.0000,118682
2020-01-09,TCS.BSE,2251.0500,2216.0000,2251.0500,2210.4500,102267
2020-01-08,TCS.BSE,2200.0000,2255.0500,2259.9500,2200.0000,109402
2020-01-07,TCS.BSE,2201.0000,2205.1499,2214.8000,2184.0000,44109
2020-01-06,TCS.BSE,2201.0000,2200.1499,2226.3999,2188.3000,84845
2020-01-03,TCS.BSE,2169.0000,2200.3999,2223.0000,2162.5500,330173
2020-01-02,TCS.BSE,2173.1001,2157.4500,2177.8999,2150.0000,56619
2020-01-01,TCS.BSE,2170.0000,2169.8000,2183.3501,2154.2500,36398
